YEARS,DISTRACTS,LITERARCY,EMPLOYMENT
1980,Islamabad,50.5,60
1981,Islamabad,51,61.5
1982,Islamabad,51.7,64.2
1983,Islamabad,52,66
1984,Islamabad,52.1,66.2
1985,Islamabad,52.6,67.2
1986,Islamabad,51,69
1987,Islamabad,53,71.2
1988,Islamabad,53.6,72
1989,Islamabad,53.8,71
1990,Islamabad,54,72.1
1991,Islamabad,54.5,73.5
1992,Islamabad,56,74.1
1993,Islamabad,57,75.3
1994,Islamabad,59,75.1
1995,Islamabad,58.8,77.2
1996,Islamabad,59.9,73.1
1997,Islamabad,61.3,74.9
1998,Islamabad,62.52,76.4
1999,Islamabad,62,78.2
2000,Islamabad,63.1,78.1
2001,Islamabad,64.5,77.3
2002,Islamabad,64,78.5
2003,Islamabad,65,79.3
2004,Islamabad,67,80.1
2005,Islamabad,66.2,82.3
2006,Islamabad,68,80.1
2007,Islamabad,68.4,79.4
2008,Islamabad,69,77.2
2009,Islamabad,71.2,79.3
2010,Islamabad,73.6,79.1
2011,Islamabad,73.2,78.1
2012,Islamabad,76.9,78.3
2013,Islamabad,78,79.5
2014,Islamabad,79.4,79.1
2015,Islamabad,79.3,77.2
2016,Islamabad,80.4,76.1
2017,Islamabad,81.49,78.1
1980,Dir,10.1,40
1981,Dir,10.5,41.4
1982,Dir,11,43.7
1983,Dir,12.4,47.4
1984,Dir,12.3,45.1
1985,Dir,12.5,45.8
1986,Dir,13,46
1987,Dir,16.3,48.3
1988,Dir,19.1,48.5
1989,Dir,22.1,47.7
1990,Dir,17.3,48.1
1991,Dir,17.9,49.5
1992,Dir,18.9,49.3
1993,Dir,18,50.4
1994,Dir,19.5,50.9
1995,Dir,19.56,53
1996,Dir,20.8,52.2
1997,Dir,21.5,53.8
1998,Dir,22.1,53.5
1999,Dir,24.9,50.1
2000,Dir,28,50.4
2001,Dir,31.4,51
2002,Dir,32.2,54
2003,Dir,32.8,54.8
2004,Dir,34.5,54.2
2005,Dir,38.1,55
2006,Dir,40.4,55.1
2007,Dir,42.7,55.4
2008,Dir,42.9,57.1
2009,Dir,44.5,54.3
2010,Dir,47.1,54
2011,Dir,46.5,52
2012,Dir,48.2,51
2013,Dir,50.2,52
2014,Dir,53.5,55
2015,Dir,54.1,57.1
2016,Dir,56,58.2
2017,Dir,57,62.4
1980,Abbotabad,45.3,45
1981,Abbotabad,45.9,45.2
1982,Abbotabad,46,46.4
1983,Abbotabad,46.2,45
1984,Abbotabad,46.3,4.1
1985,Abbotabad,48.9,46.9
1986,Abbotabad,49.8,46.7
1987,Abbotabad,51.3,48
1988,Abbotabad,51.5,48.5
1989,Abbotabad,52.3,48.9
1990,Abbotabad,51.3,49.4
1991,Abbotabad,52.6,51.2
1992,Abbotabad,54.1,51.4
1993,Abbotabad,54.6,51
1994,Abbotabad,54.7,52.3
1995,Abbotabad,53.2,54.5
1996,Abbotabad,55.4,54.9
1997,Abbotabad,56.2,53.1
1998,Abbotabad,56.6,55
1999,Abbotabad,57.1,55.2
2000,Abbotabad,57.9,55.8
2001,Abbotabad,59,56.4
2002,Abbotabad,59.1,57.8
2003,Abbotabad,58.9,58.1
2004,Abbotabad,60.1,58.6
2005,Abbotabad,61.9,59.4
2006,Abbotabad,61.5,60.4
2007,Abbotabad,64.8,62.4
2008,Abbotabad,64.3,60.7
2009,Abbotabad,67.1,61.9
2010,Abbotabad,68.9,62.8
2011,Abbotabad,69.1,63.7
2012,Abbotabad,72.1,64
2013,Abbotabad,73.8,64.9
2014,Abbotabad,74.6,69
2015,Abbotabad,75.9,70.4
2016,Abbotabad,75.4,70.1
2017,Abbotabad,76.2,71
1980,Bannu,14.1,40.5
1981,Bannu,15.2,40.6
1982,Bannu,16.4,41
1983,Bannu,15.9,41.6
1984,Bannu,18.2,42.7
1985,Bannu,18.9,42.5
1986,Bannu,20.1,43
1987,Bannu,22.3,43.1
1988,Bannu,24.1,43.8
1989,Bannu,23,43.9
1990,Bannu,26.1,44.1
1991,Bannu,27.3,44.8
1992,Bannu,28.4,45
1993,Bannu,28.4,46
1994,Bannu,27.9,47.1
1995,Bannu,29.1,47.8
1996,Bannu,30.4,49.1
1997,Bannu,31.6,47.5
1998,Bannu,32.1,46.8
1999,Bannu,33.1,47.1
2000,Bannu,34.4,49.2
2001,Bannu,35.2,49.5
2002,Bannu,33.4,49
2003,Bannu,35.6,49.7
2004,Bannu,37.2,50
2005,Bannu,38.1,51.2
2006,Bannu,37.9,51.7
2007,Bannu,42.1,51
2008,Bannu,42.9,53
2009,Bannu,43.1,52.1
2010,Bannu,44,52.9
2011,Bannu,44.6,52.4
2012,Bannu,46.1,53.1
2013,Bannu,45.3,53.4
2014,Bannu,45.8,52
2015,Bannu,46.1,52.9
2016,Bannu,46.8,53
2017,Bannu,47.53,53.1
1980,Dera Ismail Khan,10.1,30
1981,Dera Ismail Khan,12.3,31.2
1982,Dera Ismail Khan,15.2,34.2
1983,Dera Ismail Khan,14.3,34.8
1984,Dera Ismail Khan,16.4,33
1985,Dera Ismail Khan,17.6,35.1
1986,Dera Ismail Khan,19.2,35.6
1987,Dera Ismail Khan,18.5,36.4
1988,Dera Ismail Khan,21.3,37
1989,Dera Ismail Khan,23.1,38.1
1990,Dera Ismail Khan,24.8,39.5
1991,Dera Ismail Khan,25.2,40
1992,Dera Ismail Khan,26.4,41
1993,Dera Ismail Khan,28.1,41.5
1994,Dera Ismail Khan,29.9,41.1
1995,Dera Ismail Khan,30.4,42.7
1996,Dera Ismail Khan,32.4,43.5
1997,Dera Ismail Khan,30.7,43
1998,Dera Ismail Khan,31.3,44.8
1999,Dera Ismail Khan,33.1,46.1
2000,Dera Ismail Khan,32.4,47.2
2001,Dera Ismail Khan,34,47.9
2002,Dera Ismail Khan,35.1,47
2003,Dera Ismail Khan,34.9,48.3
2004,Dera Ismail Khan,36.4,49
2005,Dera Ismail Khan,35.2,49.2
2006,Dera Ismail Khan,36.4,49.7
2007,Dera Ismail Khan,36.8,50.1
2008,Dera Ismail Khan,37.1,50.4
2009,Dera Ismail Khan,37.6,50
2010,Dera Ismail Khan,37.8,53
2011,Dera Ismail Khan,38.2,52.4
2012,Dera Ismail Khan,39.8,52.1
2013,Dera Ismail Khan,41.2,51.4
2014,Dera Ismail Khan,43.5,51
2015,Dera Ismail Khan,45.6,51.3
2016,Dera Ismail Khan,44.8,52.4
2017,Dera Ismail Khan,44.1,46.2
1980,HariPur,37.1,47.1
1981,HariPur,37.7,47.8
1982,HariPur,39.4,45.8
1983,HariPur,40.2,47.2
1984,HariPur,41.3,47.9
1985,HariPur,41.8,48
1986,HariPur,42.5,48.3
1987,HariPur,44.9,49.2
1988,HariPur,46.2,49.8
1989,HariPur,47.1,51.2
1990,HariPur,47.8,52
1991,HariPur,47.9,53
1992,HariPur,48.4,54.1
1993,HariPur,49.6,50.4
1994,HariPur,49.5,51.2
1995,HariPur,51.2,53.4
1996,HariPur,53.1,54
1997,HariPur,53.9,54.6
1998,HariPur,53.7,54.9
1999,HariPur,54,55
2000,HariPur,54.9,56.2
2001,HariPur,56.2,57.1
2002,HariPur,57.1,58.7
2003,HariPur,57.8,58.6
2004,HariPur,58.2,58.9
2005,HariPur,59.3,60
2006,HariPur,60.1,59.9
2007,HariPur,63.4,61.4
2008,HariPur,62.1,63.2
2009,HariPur,64.5,63.4
2010,HariPur,66.2,63.9
2011,HariPur,65.9,65.3
2012,HariPur,66.8,65.9
2013,HariPur,68.1,67
2014,HariPur,69.6,67.2
2015,HariPur,69.8,67.1
2016,HariPur,71.5,67.8
2017,HariPur,72.2,66
1980,Kohistan,4.2,5
1981,Kohistan,4.9,7
1982,Kohistan,5.3,7.2
1983,Kohistan,6.1,7.9
1984,Kohistan,6.4,8.2
1985,Kohistan,7.1,9.4
1986,Kohistan,7.3,9.1
1987,Kohistan,8.1,11
1988,Kohistan,8.9,11.5
1989,Kohistan,8.5,12.3
1990,Kohistan,9.1,13.4
1991,Kohistan,9.6,14
1992,Kohistan,9.4,14.2
1993,Kohistan,9.5,14.6
1994,Kohistan,8.2,14.8
1995,Kohistan,8.4,15.1
1996,Kohistan,9.7,15.7
1997,Kohistan,10.4,16
1998,Kohistan,11,17
1999,Kohistan,11.3,17.5
2000,Kohistan,12.5,19.2
2001,Kohistan,12.9,22.4
2002,Kohistan,13.4,24.5
2003,Kohistan,14.2,28
2004,Kohistan,12.4,28.4
2005,Kohistan,14.2,29.1
2006,Kohistan,16.7,31.5
2007,Kohistan,16.4,34.2
2008,Kohistan,17.7,35.1
2009,Kohistan,16.5,26.8
2010,Kohistan,17.2,38.1
2011,Kohistan,17.9,38.9
2012,Kohistan,18.1,39
2013,Kohistan,19.4,39.2
2014,Kohistan,19.9,39.7
2015,Kohistan,2.7,41.5
2016,Kohistan,21.6,43.5
2017,Kohistan,22,46
1980,Karak,30.5,40
1981,Karak,32.1,41.4
1982,Karak,33.6,43.7
1983,Karak,33.9,47.4
1984,Karak,35,45.1
1985,Karak,35.4,45.8
1986,Karak,36.8,46
1987,Karak,34.2,48.3
1988,Karak,35.9,48.5
1989,Karak,37.2,47.7
1990,Karak,37.8,48.1
1991,Karak,38.1,49.5
1992,Karak,39.4,49.3
1993,Karak,38.2,50.4
1994,Karak,38.7,50.9
1995,Karak,39.5,53
1996,Karak,39.9,52.2
1997,Karak,40.5,53.8
1998,Karak,41.9,53.5
1999,Karak,43.6,50.1
2000,Karak,44.2,50.4
2001,Karak,45.1,51
2002,Karak,46.7,54
2003,Karak,45.9,54.8
2004,Karak,45.8,54.2
2005,Karak,47,55
2006,Karak,47.5,55.1
2007,Karak,48.9,55.4
2008,Karak,51.4,57.1
2009,Karak,52.3,54.3
2010,Karak,54.2,54
2011,Karak,56.5,52
2012,Karak,56.9,51
2013,Karak,58.7,52
2014,Karak,60.4,55
2015,Karak,61.5,57.1
2016,Karak,62.4,58.2
2017,Karak,63.75,62.4
1980,Kohat,36.1,38.2
1981,Kohat,37.1,38.4
1982,Kohat,37.5,40.1
1983,Kohat,37.8,42.3
1984,Kohat,39.5,43
1985,Kohat,40.1,43.6
1986,Kohat,40.5,44.5
1987,Kohat,40.6,45
1988,Kohat,41.5,45.7
1989,Kohat,42.3,46.9
1990,Kohat,43.4,47.1
1991,Kohat,42.3,47.5
1992,Kohat,42.1,48
1993,Kohat,43.6,48.2
1994,Kohat,43.4,48.6
1995,Kohat,43.5,47.3
1996,Kohat,43.9,49.2
1997,Kohat,44.5,49.8
1998,Kohat,44.1,49.5
1999,Kohat,45.3,51.2
2000,Kohat,46.2,51.6
2001,Kohat,45.7,52.3
2002,Kohat,46,53.4
2003,Kohat,46.2,54.2
2004,Kohat,46.3,54.6
2005,Kohat,47.5,54
2006,Kohat,48.2,54.8
2007,Kohat,48.9,56.1
2008,Kohat,50.1,56.7
2009,Kohat,51,58.1
2010,Kohat,51.3,59.3
2011,Kohat,54.2,61.4
2012,Kohat,55.2,62.3
2013,Kohat,55.6,63.7
2014,Kohat,56.2,64.8
2015,Kohat,57,66.8
2016,Kohat,58.3,66.2
2017,Kohat,59.29,64.3
1980,Mardan,27.5,45.2
1981,Mardan,28.2,46.2
1982,Mardan,28.9,48
1983,Mardan,29.4,48.7
1984,Mardan,30.1,48.9
1985,Mardan,31,50.2
1986,Mardan,31.5,51.3
1987,Mardan,32,50.3
1988,Mardan,32.4,52
1989,Mardan,32.8,52.4
1990,Mardan,33.6,52.6
1991,Mardan,33,52.8
1992,Mardan,33.4,53
1993,Mardan,33.8,53.7
1994,Mardan,34,55
1995,Mardan,34.2,55.4
1996,Mardan,34,55.9
1997,Mardan,35.8,55.8
1998,Mardan,36.5,56.3
1999,Mardan,37.1,57.4
2000,Mardan,39.4,56.8
2001,Mardan,41.5,57.9
2002,Mardan,41.9,57.4
2003,Mardan,43.5,58.9
2004,Mardan,44,59
2005,Mardan,44.5,59.4
2006,Mardan,44.9,59.7
2007,Mardan,46.2,61.2
2008,Mardan,46.8,61.4
2009,Mardan,47.5,62.7
2010,Mardan,47.1,63
2011,Mardan,49.5,63
2012,Mardan,51.4,63.4
2013,Mardan,52.3,63.7
2014,Mardan,54.8,64.8
2015,Mardan,56.1,65.5
2016,Mardan,55.8,67.8
2017,Mardan,56.81,69
1980,Swabi,25.3,45.2
1981,Swabi,26.1,46.2
1982,Swabi,27,48
1983,Swabi,27.9,48.7
1984,Swabi,28.3,48.9
1985,Swabi,29.4,50.2
1986,Swabi,29.9,51.3
1987,Swabi,31.5,50.3
1988,Swabi,33.1,52.1
1989,Swabi,33.5,52.4
1990,Swabi,33.4,52.6
1991,Swabi,33.9,52.8
1992,Swabi,34.1,53.6
1993,Swabi,34.5,53.7
1994,Swabi,34.1,55.1
1995,Swabi,34.9,55.4
1996,Swabi,35,55.9
1997,Swabi,35.4,55.8
1998,Swabi,36,56.3
1999,Swabi,36.5,57.4
2000,Swabi,37.1,56.8
2001,Swabi,38.2,57.9
2002,Swabi,40.5,57.4
2003,Swabi,43.5,58.9
2004,Swabi,45.6,59.1
2005,Swabi,47,59.4
2006,Swabi,47.9,59.7
2007,Swabi,49.5,61.2
2008,Swabi,49.8,61.4
2009,Swabi,51.5,62.7
2010,Swabi,52.6,634
2011,Swabi,53.1,62.9
2012,Swabi,54.8,63.4
2013,Swabi,55.6,63.7
2014,Swabi,56.4,64.8
2015,Swabi,57.8,65.5
2016,Swabi,58,67.8
2017,Swabi,59,69
1980,Charsadda,17.8,35.1
1981,Charsadda,18.3,35.6
1982,Charsadda,19.4,36
1983,Charsadda,19.5,36.2
1984,Charsadda,20.3,36.9
1985,Charsadda,22.6,37.1
1986,Charsadda,23.5,37.8
1987,Charsadda,24.9,38
1988,Charsadda,26,38.1
1989,Charsadda,26.5,38.9
1990,Charsadda,27.1,4
1991,Charsadda,28.9,41.2
1992,Charsadda,27.3,41.5
1993,Charsadda,28.4,41.6
1994,Charsadda,29.5,42
1995,Charsadda,29.1,43.5
1996,Charsadda,30.2,44
1997,Charsadda,32.4,44.3
1998,Charsadda,31.1,44.7
1999,Charsadda,32.9,45
2000,Charsadda,33.4,45.6
2001,Charsadda,35.2,45.9
2002,Charsadda,37.1,47.1
2003,Charsadda,37.9,47.2
2004,Charsadda,39,47.9
2005,Charsadda,39.4,47.7
2006,Charsadda,41.6,47.1
2007,Charsadda,43.2,49
2008,Charsadda,43.9,49.2
2009,Charsadda,43.1,49.7
2010,Charsadda,45,49.2
2011,Charsadda,46.2,51.4
2012,Charsadda,47.9,52.1
2013,Charsadda,48.2,51.2
2014,Charsadda,49.5,52.4
2015,Charsadda,48.9,52.6
2016,Charsadda,49.1,53.4
2017,Charsadda,50.7,53
1980,Nowshera,30.4,35.4
1981,Nowshera,32.5,36.2
1982,Nowshera,32.6,26.8
1983,Nowshera,33,37
1984,Nowshera,34.1,37.2
1985,Nowshera,35.6,37.9
1986,Nowshera,35.8,37.1
1987,Nowshera,36.1,38.1
1988,Nowshera,37.5,38.5
1989,Nowshera,37.6,38.9
1990,Nowshera,36.5,39
1991,Nowshera,38.1,39.5
1992,Nowshera,38.9,41.2
1993,Nowshera,38.6,42.3
1994,Nowshera,39.1,42.5
1995,Nowshera,39.4,43
1996,Nowshera,41.2,43.1
1997,Nowshera,41.5,43.8
1998,Nowshera,42.5,45
1999,Nowshera,43,45.6
2000,Nowshera,43.2,45.7
2001,Nowshera,45.6,45.1
2002,Nowshera,46,44.2
2003,Nowshera,46.8,47.9
2004,Nowshera,48.1,48.1
2005,Nowshera,49.2,48.6
2006,Nowshera,48.4,48.7
2007,Nowshera,49.7,48.2
2008,Nowshera,52.4,49.3
2009,Nowshera,52.1,47.6
2010,Nowshera,53.1,48.3
2011,Nowshera,53.8,49.2
2012,Nowshera,54.7,51.3
2013,Nowshera,56.7,52.3
2014,Nowshera,57.1,54.7
2015,Nowshera,57.9,54.6
2016,Nowshera,58,54.2
2017,Nowshera,58.2,53.6
1980,Peshawar,33.1,40.2
1981,Peshawar,33.5,42.3
1982,Peshawar,34.6,43.1
1983,Peshawar,35,43
1984,Peshawar,36,43.6
1985,Peshawar,36.1,44.5
1986,Peshawar,36.8,45.6
1987,Peshawar,37.8,46.1
1988,Peshawar,39.1,46.8
1989,Peshawar,38.4,46.2
1990,Peshawar,38.6,47.1
1991,Peshawar,39.1,47.6
1992,Peshawar,39.8,46.3
1993,Peshawar,39.5,46.9
1994,Peshawar,40.5,47.5
1995,Peshawar,41.6,48
1996,Peshawar,41.8,48.1
1997,Peshawar,40.9,48.6
1998,Peshawar,41.7,49.1
1999,Peshawar,42.9,48.2
2000,Peshawar,44.6,47.1
2001,Peshawar,45.2,48.6
2002,Peshawar,46.7,49.2
2003,Peshawar,47.1,52.3
2004,Peshawar,47.9,52.4
2005,Peshawar,49.3,53
2006,Peshawar,49.5,54
2007,Peshawar,51.3,56.8
2008,Peshawar,52.4,59.1
2009,Peshawar,53,63.4
2010,Peshawar,53.6,63.5
2011,Peshawar,53.9,65.5
2012,Peshawar,52.4,66
2013,Peshawar,54,67.1
2014,Peshawar,54.9,68.9
2015,Peshawar,54.7,67.1
2016,Peshawar,55.4,67.8
2017,Peshawar,55,66.3
1980,Buner,10,25
1981,Buner,12.4,26.3
1982,Buner,12.9,26.8
1983,Buner,13.5,28.1
1984,Buner,14.5,28.3
1985,Buner,16.7,28.9
1986,Buner,15.8,29
1987,Buner,16.9,29.1
1988,Buner,17,29.5
1989,Buner,17.2,29.3
1990,Buner,17.9,30.1
1991,Buner,19,30.4
1992,Buner,19.6,31.2
1993,Buner,19.5,32.1
1994,Buner,19.4,33
1995,Buner,21.5,33.4
1996,Buner,20.4,35.6
1997,Buner,21.3,36.1
1998,Buner,22.6,36.5
1999,Buner,24.5,36.9
2000,Buner,26.1,36.1
2001,Buner,26.9,35.8
2002,Buner,27.6,36.9
2003,Buner,28.4,37
2004,Buner,29.6,37.2
2005,Buner,32.5,38.9
2006,Buner,33.4,40.3
2007,Buner,34.1,41.5
2008,Buner,35.7,42.3
2009,Buner,36.9,43.5
2010,Buner,39.5,44.6
2011,Buner,41.2,45
2012,Buner,41.9,46
2013,Buner,41.5,47.1
2014,Buner,42.6,47.2
2015,Buner,43.9,47.9
2016,Buner,44.7,46.2
2017,Buner,46.8,46.1
1980,Chitral,34.5,40
1981,Chitral,36.1,43.2
1982,Chitral,35.4,43.4
1983,Chitral,35.9,44
1984,Chitral,36.7,44.5
1985,Chitral,37,45.6
1986,Chitral,37.1,45.8
1987,Chitral,37.8,46
1988,Chitral,37.9,46.9
1989,Chitral,38.4,47.1
1990,Chitral,39.2,46.2
1991,Chitral,38.6,45.6
1992,Chitral,37.8,45.9
1993,Chitral,39.1,46
1994,Chitral,39.9,46.8
1995,Chitral,39.4,47.1
1996,Chitral,40,47.5
1997,Chitral,41.1,47.9
1998,Chitral,42.6,48
1999,Chitral,40.3,48.5
2000,Chitral,43.6,48.1
2001,Chitral,44,48.3
2002,Chitral,45.2,48.5
2003,Chitral,46,48.7
2004,Chitral,46.8,49
2005,Chitral,48.9,49.6
2006,Chitral,49.4,51.2
2007,Chitral,49.8,51.3
2008,Chitral,52.4,52
2009,Chitral,53.6,52.6
2010,Chitral,54.8,52.4
2011,Chitral,56.1,52.9
2012,Chitral,56.9,53
2013,Chitral,59.1,53.2
2014,Chitral,61.3,53.8
2015,Chitral,62,54
2016,Chitral,62.9,56
2017,Chitral,64.6,59
1980,Swat,22.6,37.1
1981,Swat,23.4,37.8
1982,Swat,24.5,38
1983,Swat,25.7,38
1984,Swat,26.1,38.1
1985,Swat,26,38.9
1986,Swat,27.3,40.2
1987,Swat,27.8,42.7
1988,Swat,28.1,42.1
1989,Swat,27.6,42.5
1990,Swat,26.4,43.6
1991,Swat,26.9,43.5
1992,Swat,27.5,44
1993,Swat,27.8,45.6
1994,Swat,27,45.8
1995,Swat,28.6,47.1
1996,Swat,28.4,48.5
1997,Swat,28.9,48.9
1998,Swat,28.7,47.1
1999,Swat,29.6,47.5
2000,Swat,29.9,47.9
2001,Swat,31.5,48.5
2002,Swat,33.6,48.1
2003,Swat,35,49
2004,Swat,36,51.2
2005,Swat,36.5,51.4
2006,Swat,38.4,52.4
2007,Swat,42.5,53.6
2008,Swat,43.6,54.8
2009,Swat,44.8,54.1
2010,Swat,47.5,54
2011,Swat,48.6,54.8
2012,Swat,48.2,55.2
2013,Swat,48.7,56.4
2014,Swat,49.6,59.1
2015,Swat,49.5,57.2
2016,Swat,50,56.2
2017,Swat,50.2,57.1
1980,Malakand,30.2,39.2
1981,Malakand,31.6,38.1
1982,Malakand,32.4,38
1983,Malakand,33.6,38
1984,Malakand,33.5,38.1
1985,Malakand,34,38.9
1986,Malakand,34.8,40.2
1987,Malakand,35.9,42.7
1988,Malakand,36.8,42.1
1989,Malakand,36.7,42.5
1990,Malakand,37.1,43.6
1991,Malakand,37.5,43.5
1992,Malakand,37.8,44
1993,Malakand,37.5,45.6
1994,Malakand,38.1,45.8
1995,Malakand,38,47.1
1996,Malakand,38.4,48.5
1997,Malakand,38.3,48.9
1998,Malakand,39.5,47.1
1999,Malakand,40.2,47.5
2000,Malakand,41.6,47.9
2001,Malakand,42.5,48.5
2002,Malakand,43,48.1
2003,Malakand,43.9,49
2004,Malakand,45,51.2
2005,Malakand,45.6,51.4
2006,Malakand,48.6,52.4
2007,Malakand,51.4,53.6
2008,Malakand,53.1,54.8
2009,Malakand,54,54.1
2010,Malakand,54.5,54
2011,Malakand,54.8,54.8
2012,Malakand,56.2,55.2
2013,Malakand,58.4,56.4
2014,Malakand,58.9,59.1
2015,Malakand,59,57.2
2016,Malakand,59.7,56.2
2017,Malakand,61.8,57.1
1980,Rawalpindi,58.2,52.1
1981,Rawalpindi,69.4,52.3
1982,Rawalpindi,61.2,52
1983,Rawalpindi,63.4,53
1984,Rawalpindi,64.2,53.4
1985,Rawalpindi,64,53.6
1986,Rawalpindi,64.9,54
1987,Rawalpindi,65,54.8
1988,Rawalpindi,65.8,54.1
1989,Rawalpindi,66.4,54.7
1990,Rawalpindi,66.1,54.9
1991,Rawalpindi,68.2,55.1
1992,Rawalpindi,67.8,55.3
1993,Rawalpindi,67.9,55.4
1994,Rawalpindi,68.1,55.6
1995,Rawalpindi,68.8,56
1996,Rawalpindi,68.9,56.7
1997,Rawalpindi,69.4,56.2
1998,Rawalpindi,69.4,56.4
1999,Rawalpindi,70.4,56.8
2000,Rawalpindi,71.5,57.1
2001,Rawalpindi,72.5,57.6
2002,Rawalpindi,73.4,57.9
2003,Rawalpindi,74,59.1
2004,Rawalpindi,75.8,59.9
2005,Rawalpindi,76,59.5
2006,Rawalpindi,76.5,59.3
2007,Rawalpindi,76.4,59.7
2008,Rawalpindi,77.1,60.1
2009,Rawalpindi,77.5,60.4
2010,Rawalpindi,77.9,62.5
2011,Rawalpindi,77.9,63.4
2012,Rawalpindi,78.2,64
2013,Rawalpindi,79.4,65.7
2014,Rawalpindi,79.5,66.9
2015,Rawalpindi,80.1,66.8
2016,Rawalpindi,81,67.8
2017,Rawalpindi,82.4,69.3
1980,Attock,39,44.1
1981,Attock,41.2,44.5
1982,Attock,24.5,44.6
1983,Attock,43.6,45
1984,Attock,45,45.8
1985,Attock,45.6,45.9
1986,Attock,45.9,46.2
1987,Attock,46.2,47
1988,Attock,46,47.6
1989,Attock,46.8,47.8
1990,Attock,47.3,47.9
1991,Attock,47.1,47.1
1992,Attock,47.9,47.5
1993,Attock,48.2,47.6
1994,Attock,48,47.9
1995,Attock,48.5,48
1996,Attock,48.5,48.5
1997,Attock,48,48.1
1998,Attock,49.3,48.5
1999,Attock,51.3,48.9
2000,Attock,52.4,49
2001,Attock,53.6,49.5
2002,Attock,54.8,49.1
2003,Attock,56.5,49.6
2004,Attock,55,49.2
2005,Attock,56.9,49.7
2006,Attock,57.4,50.2
2007,Attock,57.9,52.3
2008,Attock,59.6,53.4
2009,Attock,62.1,56.7
2010,Attock,63,57.1
2011,Attock,63.4,58.9
2012,Attock,63.1,60.2
2013,Attock,64,61.2
2014,Attock,64.9,62.3
2015,Attock,65,63.4
2016,Attock,66.4,65
2017,Attock,66.9,65.1
1980,Chakwal,45.3,47.1
1981,Chakwal,48.2,47.8
1982,Chakwal,48.7,49.1
1983,Chakwal,49.1,49.5
1984,Chakwal,50.1,49.2
1985,Chakwal,50.2,49.5
1986,Chakwal,52.6,49.7
1987,Chakwal,53.4,49.5
1988,Chakwal,53,49.6
1989,Chakwal,54,50
1990,Chakwal,54.1,50.2
1991,Chakwal,54.8,51.3
1992,Chakwal,54.9,52.4
1993,Chakwal,55,52.6
1994,Chakwal,55.4,52.3
1995,Chakwal,55.1,52.9
1996,Chakwal,55.2,52.4
1997,Chakwal,55.9,53
1998,Chakwal,56.7,53.6
1999,Chakwal,58.4,53.9
2000,Chakwal,58,53.4
2001,Chakwal,59.1,53.7
2002,Chakwal,62.3,53.8
2003,Chakwal,61.3,54.2
2004,Chakwal,64.8,55.6
2005,Chakwal,65,56
2006,Chakwal,65.8,56.1
2007,Chakwal,67.1,57.5
2008,Chakwal,68,58.2
2009,Chakwal,68.9,58.8
2010,Chakwal,69.9,59.6
2011,Chakwal,71.2,60.1
2012,Chakwal,72.5,63.4
2013,Chakwal,73.6,62.8
2014,Chakwal,74.9,63.9
2015,Chakwal,74.5,61.4
2016,Chakwal,76.7,64.2
2017,Chakwal,74.6,65
1980,Khushab,35.1,42.1
1981,Khushab,35.6,42.3
1982,Khushab,35.9,453
1983,Khushab,37.1,42.5
1984,Khushab,37.5,42.9
1985,Khushab,38,43.6
1986,Khushab,38.6,43.5
1987,Khushab,38.9,44
1988,Khushab,39.1,44.5
1989,Khushab,38.4,44.9
1990,Khushab,37.9,46
1991,Khushab,38.6,46.8
1992,Khushab,38.9,46.9
1993,Khushab,39.1,47
1994,Khushab,39.4,47.9
1995,Khushab,39.5,47.5
1996,Khushab,39.7,47.8
1997,Khushab,39.6,48.1
1998,Khushab,40.5,47.5
1999,Khushab,41.3,48
2000,Khushab,42.6,48.3
2001,Khushab,43.5,48.7
2002,Khushab,45.8,49
2003,Khushab,47.1,49.1
2004,Khushab,48.9,49.7
2005,Khushab,50,49.6
2006,Khushab,51,50.1
2007,Khushab,51.7,52.1
2008,Khushab,53.5,52.4
2009,Khushab,54.6,52.8
2010,Khushab,55.8,52.9
2011,Khushab,56,53.9
2012,Khushab,56.2,53.5
2013,Khushab,56.8,53.6
2014,Khushab,57.5,55
2015,Khushab,58.1,55.1
2016,Khushab,58.9,57.1
2017,Khushab,59.1,61.2
1980,Sarghodha,37.5,35.2
1981,Sarghodha,37.9,35.6
1982,Sarghodha,38.1,36.4
1983,Sarghodha,38.6,36.8
1984,Sarghodha,39,37
1985,Sarghodha,39.5,36.8
1986,Sarghodha,39.4,36.9
1987,Sarghodha,41.2,37.5
1988,Sarghodha,41.5,37.9
1989,Sarghodha,42.8,38
1990,Sarghodha,43.6,38.9
1991,Sarghodha,44.1,38.5
1992,Sarghodha,43,38.7
1993,Sarghodha,43.8,39.2
1994,Sarghodha,44.5,39.4
1995,Sarghodha,45.6,40.2
1996,Sarghodha,45,40.8
1997,Sarghodha,46.7,40.1
1998,Sarghodha,46.3,41.2
1999,Sarghodha,47,41.5
2000,Sarghodha,47.1,42.3
2001,Sarghodha,47.2,42.7
2002,Sarghodha,47.9,42.5
2003,Sarghodha,49.8,42.6
2004,Sarghodha,51.4,43
2005,Sarghodha,52.3,43.5
2006,Sarghodha,53.6,43.6
2007,Sarghodha,53.4,46.8
2008,Sarghodha,55,49.3
2009,Sarghodha,56.4,50.2
2010,Sarghodha,57,53.6
2011,Sarghodha,57.9,53.9
2012,Sarghodha,59.4,55
2013,Sarghodha,59.9,55.1
2014,Sarghodha,62.3,56.2
2015,Sarghodha,64.8,58.1
2016,Sarghodha,65,59.3
2017,Sarghodha,65.5,61.2
1980,Mianwali,36.5,30.2
1981,Mianwali,35.4,33.3
1982,Mianwali,36.9,33.5
1983,Mianwali,37.5,32.6
1984,Mianwali,38,32.9
1985,Mianwali,38.9,34.6
1986,Mianwali,38.4,35
1987,Mianwali,39.1,35.6
1988,Mianwali,39.6,35.4
1989,Mianwali,41.5,35.2
1990,Mianwali,40.5,36
1991,Mianwali,40.7,36.5
1992,Mianwali,41.6,36.7
1993,Mianwali,42.9,37.1
1994,Mianwali,41.1,36.5
1995,Mianwali,41.7,36.9
1996,Mianwali,42,37.5
1997,Mianwali,42.8,38
1998,Mianwali,43,38.2
1999,Mianwali,43.6,38.9
2000,Mianwali,44.5,40.2
2001,Mianwali,44.1,42.3
2002,Mianwali,45.8,42.5
2003,Mianwali,46.7,43.6
2004,Mianwali,49.7,44.5
2005,Mianwali,47.1,44.1
2006,Mianwali,48.2,44.6
2007,Mianwali,49.6,46.2
2008,Mianwali,53.4,46.9
2009,Mianwali,53.7,45.5
2010,Mianwali,55,45.9
2011,Mianwali,55.8,47.1
2012,Mianwali,57.9,46.8
2013,Mianwali,58.1,52.1
2014,Mianwali,58.9,53.6
2015,Mianwali,59,54.8
2016,Mianwali,60.4,56
2017,Mianwali,61.2,57.1
1980,Gujranwala,45.1,39
1981,Gujranwala,46.2,39.2
1982,Gujranwala,46.8,39.9
1983,Gujranwala,47,41.2
1984,Gujranwala,47.2,40.9
1985,Gujranwala,47.8,41.5
1986,Gujranwala,48,41.8
1987,Gujranwala,48.1,43.6
1988,Gujranwala,48.5,44
1989,Gujranwala,48.9,45.6
1990,Gujranwala,49.1,46.2
1991,Gujranwala,47.5,46.1
1992,Gujranwala,48.6,46.8
1993,Gujranwala,49,47.5
1994,Gujranwala,49.5,47.9
1995,Gujranwala,49.5,49
1996,Gujranwala,52.4,49.5
1997,Gujranwala,54.6,48.5
1998,Gujranwala,56.5,48.7
1999,Gujranwala,57,49.9
2000,Gujranwala,57.8,51.2
2001,Gujranwala,58.1,52.3
2002,Gujranwala,59.6,53.6
2003,Gujranwala,60.4,54.6
2004,Gujranwala,62.1,54.1
2005,Gujranwala,60.4,54.9
2006,Gujranwala,61.8,55
2007,Gujranwala,62.8,57.8
2008,Gujranwala,65,59.3
2009,Gujranwala,65.4,60.1
2010,Gujranwala,65.9,60.3
2011,Gujranwala,67.3,59.3
2012,Gujranwala,68.7,59.9
2013,Gujranwala,69,61.2
2014,Gujranwala,71,61.5
2015,Gujranwala,72.9,61.2
2016,Gujranwala,74.3,60.3
2017,Gujranwala,75.1,60.7
1980,Hafizabad,30.2,27.8
1981,Hafizabad,31.5,28.2
1982,Hafizabad,32.6,29.4
1983,Hafizabad,33,30
1984,Hafizabad,35,30.2
1985,Hafizabad,36,30.9
1986,Hafizabad,36.1,30.5
1987,Hafizabad,36.8,30.9
1988,Hafizabad,37.2,32
1989,Hafizabad,36.5,32.5
1990,Hafizabad,37.8,31.9
1991,Hafizabad,38.1,32.8
1992,Hafizabad,38.5,33
1993,Hafizabad,38.4,33.6
1994,Hafizabad,37,33.7
1995,Hafizabad,37.5,34.8
1996,Hafizabad,38.9,35
1997,Hafizabad,39.6,35.6
1998,Hafizabad,40.7,36.1
1999,Hafizabad,42.3,35.9
2000,Hafizabad,44,36.4
2001,Hafizabad,45.1,36.9
2002,Hafizabad,46,37
2003,Hafizabad,46.8,40
2004,Hafizabad,48.2,42.3
2005,Hafizabad,49.6,44.5
2006,Hafizabad,47.3,48.1
2007,Hafizabad,49.5,49.2
2008,Hafizabad,52.3,50.9
2009,Hafizabad,53.6,53
2010,Hafizabad,54,53.2
2011,Hafizabad,56,54.6
2012,Hafizabad,56.1,55
2013,Hafizabad,58.7,56.1
2014,Hafizabad,58.9,56.9
2015,Hafizabad,60.1,56.2
2016,Hafizabad,59.7,57
2017,Hafizabad,61.8,56.1
1980,Mandi Bahauddin ,39.4,35.2
1981,Mandi Bahauddin ,39.5,36
1982,Mandi Bahauddin ,41.5,36.4
1983,Mandi Bahauddin ,42.5,36.9
1984,Mandi Bahauddin ,42,35.2
1985,Mandi Bahauddin ,43,37.1
1986,Mandi Bahauddin ,43.6,38.9
1987,Mandi Bahauddin ,45.1,40.2
1988,Mandi Bahauddin ,44.7,42.3
1989,Mandi Bahauddin ,44.2,42.6
1990,Mandi Bahauddin ,45.8,43
1991,Mandi Bahauddin ,45.9,44.5
1992,Mandi Bahauddin ,46.7,43.6
1993,Mandi Bahauddin ,46.1,44.1
1994,Mandi Bahauddin ,46.8,44.5
1995,Mandi Bahauddin ,47.1,45
1996,Mandi Bahauddin ,47.3,46.1
1997,Mandi Bahauddin ,47,45.9
1998,Mandi Bahauddin ,47.4,46.5
1999,Mandi Bahauddin ,48.3,47.1
2000,Mandi Bahauddin ,49.2,47.9
2001,Mandi Bahauddin ,51.4,47.2
2002,Mandi Bahauddin ,52.6,47.8
2003,Mandi Bahauddin ,53.7,49.1
2004,Mandi Bahauddin ,54.8,48.8
2005,Mandi Bahauddin ,54.8,48.7
2006,Mandi Bahauddin ,56,50.2
2007,Mandi Bahauddin ,56.4,52.3
2008,Mandi Bahauddin ,57,52.6
2009,Mandi Bahauddin ,59.1,52.4
2010,Mandi Bahauddin ,61.7,51.8
2011,Mandi Bahauddin ,63.4,52.6
2012,Mandi Bahauddin ,64.8,53.4
2013,Mandi Bahauddin ,65.9,52.9
2014,Mandi Bahauddin ,66.7,53.2
2015,Mandi Bahauddin ,67.1,53.3
2016,Mandi Bahauddin ,67.8,53.7
2017,Mandi Bahauddin ,68.6,53.1
1980,Narowal,46.2,42.1
1981,Narowal,46.9,42.3
1982,Narowal,47,42.5
1983,Narowal,47.5,42.1
1984,Narowal,49.6,43
1985,Narowal,48.3,43.2
1986,Narowal,50.6,43.6
1987,Narowal,51,44
1988,Narowal,52.6,44.5
1989,Narowal,53.1,45.6
1990,Narowal,58.3,46.1
1991,Narowal,58.7,45.9
1992,Narowal,59.1,45.2
1993,Narowal,60.3,46.8
1994,Narowal,60.6,46.1
1995,Narowal,61.7,47
1996,Narowal,58.2,47.9
1997,Narowal,63.2,47.1
1998,Narowal,63.9,47.5
1999,Narowal,65,47.2
2000,Narowal,66.7,47.9
2001,Narowal,66.9,48.1
2002,Narowal,68,48.5
2003,Narowal,68.2,49
2004,Narowal,68.6,49.1
2005,Narowal,66.3,49.9
2006,Narowal,69.8,50.2
2007,Narowal,69,51.4
2008,Narowal,70.5,50.5
2009,Narowal,70.7,50.9
2010,Narowal,70,51.5
2011,Narowal,71.2,52.3
2012,Narowal,71,54.6
2013,Narowal,71.2,58.1
2014,Narowal,71.5,59.3
2015,Narowal,72,57.2
2016,Narowal,72.4,57.9
2017,Narowal,73.5,60.1
1980,Sialkot,46.3,40.2
1981,Sialkot,47,42.8
1982,Sialkot,47.2,46.7
1983,Sialkot,49.3,47.1
1984,Sialkot,50.9,45.6
1985,Sialkot,51.2,45.9
1986,Sialkot,53.6,46.1
1987,Sialkot,54.7,46.8
1988,Sialkot,58.9,46.2
1989,Sialkot,60.6,47.1
1990,Sialkot,61.8,48.3
1991,Sialkot,62,48.1
1992,Sialkot,59.5,49.5
1993,Sialkot,63.2,49
1994,Sialkot,63.7,49.3
1995,Sialkot,64,49.9
1996,Sialkot,64.7,49.7
1997,Sialkot,65.1,51.2
1998,Sialkot,66,52.3
1999,Sialkot,67.4,52.4
2000,Sialkot,68.3,52.9
2001,Sialkot,67,52.6
2002,Sialkot,67.9,52.7
2003,Sialkot,69.5,53
2004,Sialkot,71,53.9
2005,Sialkot,71.3,53.6
2006,Sialkot,72.5,53
2007,Sialkot,73.4,54
2008,Sialkot,74.2,56
2009,Sialkot,74.6,56.2
2010,Sialkot,75.8,57.8
2011,Sialkot,75.3,59.2
2012,Sialkot,76.2,59.9
2013,Sialkot,76.9,59.4
2014,Sialkot,75.1,60.1
2015,Sialkot,77,60.7
2016,Sialkot,77.3,62.3
2017,Sialkot,77.9,61.3
1980,Lahore,55.9,50.2
1981,Lahore,57.2,50.3
1982,Lahore,58.6,51.2
1983,Lahore,58,52.4
1984,Lahore,57.3,563
1985,Lahore,58.3,53.1
1986,Lahore,59,52.9
1987,Lahore,59.8,52.8
1988,Lahore,60.2,53.7
1989,Lahore,61.4,53.3
1990,Lahore,62.6,54.5
1991,Lahore,62.1,55
1992,Lahore,62.8,56.4
1993,Lahore,63,56.9
1994,Lahore,63.5,56.1
1995,Lahore,62,56.5
1996,Lahore,64.3,57
1997,Lahore,64,57.1
1998,Lahore,64.7,57.8
1999,Lahore,65,57.6
2000,Lahore,65.2,57.2
2001,Lahore,66.8,58.7
2002,Lahore,68,59.3
2003,Lahore,68.2,59.4
2004,Lahore,69.7,58.9
2005,Lahore,71.3,59
2006,Lahore,70.6,62.3
2007,Lahore,70.2,61.7
2008,Lahore,72.6,62.4
2009,Lahore,73.9,62.3
2010,Lahore,74,64
2011,Lahore,74.6,64.1
2012,Lahore,75,64.8
2013,Lahore,75.7,65.3
2014,Lahore,76,67.1
2015,Lahore,76.6,67.8
2016,Lahore,75.1,67.5
2017,Lahore,77,67.1
1980,Sheikhupura,41.6,35.2
1981,Sheikhupura,41.9,36
1982,Sheikhupura,42.1,36.4
1983,Sheikhupura,43.6,36.9
1984,Sheikhupura,43.1,35.2
1985,Sheikhupura,42,37.1
1986,Sheikhupura,43.9,38.9
1987,Sheikhupura,44.6,40.2
1988,Sheikhupura,44.2,42.3
1989,Sheikhupura,44.9,42.6
1990,Sheikhupura,45.8,43
1991,Sheikhupura,46.2,44.5
1992,Sheikhupura,46.8,43.6
1993,Sheikhupura,47,44.1
1994,Sheikhupura,47.3,44.5
1995,Sheikhupura,46.7,45
1996,Sheikhupura,46.1,46.1
1997,Sheikhupura,47.3,45.9
1998,Sheikhupura,47.8,46.5
1999,Sheikhupura,49.3,47.1
2000,Sheikhupura,50.4,47.9
2001,Sheikhupura,52.8,47.2
2002,Sheikhupura,52.4,47.8
2003,Sheikhupura,51,49.1
2004,Sheikhupura,54,48.8
2005,Sheikhupura,54.2,48.7
2006,Sheikhupura,55.9,50.2
2007,Sheikhupura,59.4,52.3
2008,Sheikhupura,61.3,52.6
2009,Sheikhupura,62.8,52.4
2010,Sheikhupura,63.9,51.8
2011,Sheikhupura,61.5,52.6
2012,Sheikhupura,64.8,53.4
2013,Sheikhupura,65.2,52.9
2014,Sheikhupura,66.8,53.2
2015,Sheikhupura,67.8,53.3
2016,Sheikhupura,68.6,53.7
2017,Sheikhupura,67,53.1
1980,Faisalabad,48,40.2
1981,Faisalabad,48.6,43.1
1982,Faisalabad,49.2,43.5
1983,Faisalabad,50.6,44
1984,Faisalabad,52.8,45
1985,Faisalabad,53.4,45.1
1986,Faisalabad,52,44.6
1987,Faisalabad,51.1,44.9
1988,Faisalabad,51.9,45.1
1989,Faisalabad,53.6,45.8
1990,Faisalabad,54.1,47
1991,Faisalabad,54.8,46.9
1992,Faisalabad,55.6,47.2
1993,Faisalabad,56.3,47.9
1994,Faisalabad,54.2,49
1995,Faisalabad,57.8,48.5
1996,Faisalabad,59.7,48.1
1997,Faisalabad,60,49.6
1998,Faisalabad,62.5,50.9
1999,Faisalabad,61.7,50.5
2000,Faisalabad,61.5,50.2
2001,Faisalabad,62.8,52
2002,Faisalabad,63.4,52.3
2003,Faisalabad,64.6,53.1
2004,Faisalabad,65.2,53.6
2005,Faisalabad,66.3,53.1
2006,Faisalabad,67.4,54.6
2007,Faisalabad,66,54.1
2008,Faisalabad,68.6,54.8
2009,Faisalabad,69.8,55
2010,Faisalabad,67.5,56.9
2011,Faisalabad,68.2,57.1
2012,Faisalabad,69,59.2
2013,Faisalabad,69.5,59.9
2014,Faisalabad,70.2,59.4
2015,Faisalabad,71.6,59.6
2016,Faisalabad,69,61.3
2017,Faisalabad,69.8,63.6
1980,Chiniot,30.5,27.8
1981,Chiniot,31.2,28.2
1982,Chiniot,32.6,29.4
1983,Chiniot,31,30
1984,Chiniot,32.7,30.2
1985,Chiniot,33.6,30.9
1986,Chiniot,34.1,30.5
1987,Chiniot,35.8,30.9
1988,Chiniot,37.2,32
1989,Chiniot,37.8,32.5
1990,Chiniot,38.9,31.9
1991,Chiniot,38.3,32.8
1992,Chiniot,38.6,33
1993,Chiniot,39,33.6
1994,Chiniot,39.6,33.7
1995,Chiniot,41.2,34.8
1996,Chiniot,42.9,35
1997,Chiniot,42.5,35.6
1998,Chiniot,43,36.1
1999,Chiniot,43.2,35.9
2000,Chiniot,42.8,36.4
2001,Chiniot,44.6,36.9
2002,Chiniot,46.9,37
2003,Chiniot,44,40
2004,Chiniot,45.2,42.3
2005,Chiniot,45.9,44.5
2006,Chiniot,46.8,48.1
2007,Chiniot,47,49.2
2008,Chiniot,47.3,50.9
2009,Chiniot,47.9,53
2010,Chiniot,48.9,53.2
2011,Chiniot,49.5,54.6
2012,Chiniot,50.3,55
2013,Chiniot,51.9,56.1
2014,Chiniot,48,56.9
2015,Chiniot,49.2,56.2
2016,Chiniot,49.6,57
2017,Chiniot,50,56.1
1980,Toba Tek Singh,45.3,38.2
1981,Toba Tek Singh,45.9,38.2
1982,Toba Tek Singh,46,38.9
1983,Toba Tek Singh,46.2,40.5
1984,Toba Tek Singh,46.3,41.6
1985,Toba Tek Singh,48.9,42.5
1986,Toba Tek Singh,49.8,43.1
1987,Toba Tek Singh,51.3,43.5
1988,Toba Tek Singh,51.5,43.9
1989,Toba Tek Singh,52.3,44
1990,Toba Tek Singh,51.3,45.9
1991,Toba Tek Singh,52.6,44.5
1992,Toba Tek Singh,54.1,44
1993,Toba Tek Singh,54.6,45.2
1994,Toba Tek Singh,54.7,45.8
1995,Toba Tek Singh,53.2,47
1996,Toba Tek Singh,55.4,47.2
1997,Toba Tek Singh,56.2,47.1
1998,Toba Tek Singh,56.6,47.9
1999,Toba Tek Singh,57.1,47.5
2000,Toba Tek Singh,57.9,47.1
2001,Toba Tek Singh,59,49.3
2002,Toba Tek Singh,59.1,49.9
2003,Toba Tek Singh,58.9,50.1
2004,Toba Tek Singh,60.1,50.2
2005,Toba Tek Singh,61.9,50.7
2006,Toba Tek Singh,61.5,51.9
2007,Toba Tek Singh,64.8,51.5
2008,Toba Tek Singh,64.3,51.2
2009,Toba Tek Singh,67.1,52.3
2010,Toba Tek Singh,68.9,53
2011,Toba Tek Singh,69.1,53.6
2012,Toba Tek Singh,72.1,53.9
2013,Toba Tek Singh,73.8,54.6
2014,Toba Tek Singh,74.6,54.8
2015,Toba Tek Singh,75.9,55
2016,Toba Tek Singh,75.4,56.2
2017,Toba Tek Singh,76.2,56.7
1980,Sahiwal,10.1,42
1981,Sahiwal,10.5,42.1
1982,Sahiwal,11,42.8
1983,Sahiwal,12.4,43.6
1984,Sahiwal,12.3,42.5
1985,Sahiwal,12.5,43
1986,Sahiwal,13,43.1
1987,Sahiwal,16.3,43.9
1988,Sahiwal,19.1,44.2
1989,Sahiwal,22.1,44.6
1990,Sahiwal,17.3,44.9
1991,Sahiwal,17.9,45
1992,Sahiwal,18.9,45.9
1993,Sahiwal,18,45.2
1994,Sahiwal,19.5,45.6
1995,Sahiwal,19.56,45.7
1996,Sahiwal,20.8,48
1997,Sahiwal,21.5,48.2
1998,Sahiwal,22.1,48
1999,Sahiwal,24.9,48.4
2000,Sahiwal,28,48.9
2001,Sahiwal,31.4,49
2002,Sahiwal,32.2,49.3
2003,Sahiwal,32.8,50.1
2004,Sahiwal,34.5,52.4
2005,Sahiwal,38.1,53.4
2006,Sahiwal,40.4,52.6
2007,Sahiwal,42.7,52.9
2008,Sahiwal,42.9,53.6
2009,Sahiwal,44.5,54
2010,Sahiwal,47.1,54.7
2011,Sahiwal,46.5,54.2
2012,Sahiwal,48.2,55
2013,Sahiwal,50.2,55.3
2014,Sahiwal,53.5,55.9
2015,Sahiwal,54.1,55.8
2016,Sahiwal,56,55
2017,Sahiwal,57,56.3
1980,Pakpattan,25.3,30.2
1981,Pakpattan,26.1,31
1982,Pakpattan,27,31.5
1983,Pakpattan,27.9,32.3
1984,Pakpattan,28.3,32.6
1985,Pakpattan,29.4,32.9
1986,Pakpattan,29.9,33.4
1987,Pakpattan,31.5,33.6
1988,Pakpattan,33.1,33.7
1989,Pakpattan,33.5,34
1990,Pakpattan,33.4,35
1991,Pakpattan,33.9,35.9
1992,Pakpattan,34.1,37.5
1993,Pakpattan,34.5,37.1
1994,Pakpattan,34.1,37.6
1995,Pakpattan,34.9,37.9
1996,Pakpattan,35,39.2
1997,Pakpattan,35.4,39.7
1998,Pakpattan,36,39.5
1999,Pakpattan,36.5,39.6
2000,Pakpattan,37.1,40
2001,Pakpattan,38.2,42.5
2002,Pakpattan,40.5,42.6
2003,Pakpattan,43.5,43.7
2004,Pakpattan,45.6,43.9
2005,Pakpattan,47,44
2006,Pakpattan,47.9,45.6
2007,Pakpattan,49.5,46.8
2008,Pakpattan,49.8,46.9
2009,Pakpattan,51.5,46.2
2010,Pakpattan,52.6,46.7
2011,Pakpattan,53.1,47
2012,Pakpattan,54.8,48.2
2013,Pakpattan,55.6,49.3
2014,Pakpattan,56.4,50.1
2015,Pakpattan,57.8,50.7
2016,Pakpattan,58,52.3
2017,Pakpattan,59,53
1980,Bahawalpur,50.5,45.2
1981,Bahawalpur,51,45.6
1982,Bahawalpur,51.7,45.8
1983,Bahawalpur,52,46
1984,Bahawalpur,52.1,46.2
1985,Bahawalpur,52.6,46.9
1986,Bahawalpur,51,46.3
1987,Bahawalpur,53,46.8
1988,Bahawalpur,53.6,47
1989,Bahawalpur,53.8,47.1
1990,Bahawalpur,54,47.6
1991,Bahawalpur,54.5,47.8
1992,Bahawalpur,56,48
1993,Bahawalpur,57,49.1
1994,Bahawalpur,59,48.5
1995,Bahawalpur,58.8,48.2
1996,Bahawalpur,59.9,48.7
1997,Bahawalpur,61.3,48.9
1998,Bahawalpur,62.52,50.1
1999,Bahawalpur,62,50.3
2000,Bahawalpur,63.1,50.4
2001,Bahawalpur,64.5,50.9
2002,Bahawalpur,64,50.4
2003,Bahawalpur,65,51
2004,Bahawalpur,67,52.3
2005,Bahawalpur,66.2,53
2006,Bahawalpur,68,55.6
2007,Bahawalpur,68.4,57.1
2008,Bahawalpur,69,56.2
2009,Bahawalpur,71.2,58.2
2010,Bahawalpur,73.6,58.9
2011,Bahawalpur,73.2,57.1
2012,Bahawalpur,76.9,57.6
2013,Bahawalpur,78,56.4
2014,Bahawalpur,79.4,58.3
2015,Bahawalpur,79.3,58.6
2016,Bahawalpur,80.4,58
2017,Bahawalpur,81.49,58.1
1980,Rahimyar khan,39,41.3
1981,Rahimyar khan,41.2,42.3
1982,Rahimyar khan,24.5,42.5
1983,Rahimyar khan,43.6,42.8
1984,Rahimyar khan,45,42.1
1985,Rahimyar khan,45.6,42.5
1986,Rahimyar khan,45.9,43
1987,Rahimyar khan,46.2,43.6
1988,Rahimyar khan,46,43.7
1989,Rahimyar khan,46.8,44
1990,Rahimyar khan,47.3,44.5
1991,Rahimyar khan,47.1,44.6
1992,Rahimyar khan,47.9,44.2
1993,Rahimyar khan,48.2,44.8
1994,Rahimyar khan,48,45
1995,Rahimyar khan,48.5,45.6
1996,Rahimyar khan,48.5,47
1997,Rahimyar khan,48,47.1
1998,Rahimyar khan,49.3,47.9
1999,Rahimyar khan,51.3,47.2
2000,Rahimyar khan,52.4,47.8
2001,Rahimyar khan,53.6,47.1
2002,Rahimyar khan,54.8,48
2003,Rahimyar khan,56.5,48.2
2004,Rahimyar khan,55,48.6
2005,Rahimyar khan,56.9,48.9
2006,Rahimyar khan,57.4,50.1
2007,Rahimyar khan,57.9,50.4
2008,Rahimyar khan,59.6,50.9
2009,Rahimyar khan,62.1,49.8
2010,Rahimyar khan,63,50.4
2011,Rahimyar khan,63.4,51.2
2012,Rahimyar khan,63.1,52.3
2013,Rahimyar khan,64,53.6
2014,Rahimyar khan,64.9,54.6
2015,Rahimyar khan,65,55
2016,Rahimyar khan,66.4,58.2
2017,Rahimyar khan,66.9,59.9
1980,Dera Ghazi Khan,21.3,29.1
1981,Dera Ghazi Khan,21.6,30.2
1982,Dera Ghazi Khan,22.8,31.5
1983,Dera Ghazi Khan,23.6,32.3
1984,Dera Ghazi Khan,24.1,32.6
1985,Dera Ghazi Khan,25.9,32.9
1986,Dera Ghazi Khan,23.5,33.4
1987,Dera Ghazi Khan,22,33.6
1988,Dera Ghazi Khan,24.6,33.7
1989,Dera Ghazi Khan,26.7,34.1
1990,Dera Ghazi Khan,27.6,35.4
1991,Dera Ghazi Khan,28.4,35.9
1992,Dera Ghazi Khan,28.2,37.5
1993,Dera Ghazi Khan,28.9,37.1
1994,Dera Ghazi Khan,29.7,37.6
1995,Dera Ghazi Khan,29.8,37.9
1996,Dera Ghazi Khan,30,39.2
1997,Dera Ghazi Khan,30.5,39.7
1998,Dera Ghazi Khan,30.6,39.5
1999,Dera Ghazi Khan,31.2,39.6
2000,Dera Ghazi Khan,31.6,40
2001,Dera Ghazi Khan,33.5,42.5
2002,Dera Ghazi Khan,35.7,42.6
2003,Dera Ghazi Khan,36,43.7
2004,Dera Ghazi Khan,34,43.9
2005,Dera Ghazi Khan,36.9,44
2006,Dera Ghazi Khan,38.5,45.6
2007,Dera Ghazi Khan,39.4,46.8
2008,Dera Ghazi Khan,41.9,46.9
2009,Dera Ghazi Khan,42.7,46.2
2010,Dera Ghazi Khan,43.8,46.7
2011,Dera Ghazi Khan,44.2,47
2012,Dera Ghazi Khan,45.8,48.2
2013,Dera Ghazi Khan,46.4,49.3
2014,Dera Ghazi Khan,46.9,50.1
2015,Dera Ghazi Khan,45.7,50.7
2016,Dera Ghazi Khan,46,52.3
2017,Dera Ghazi Khan,46.6,53
1980,Layyah ,28.8,40
1981,Layyah ,29.6,41.4
1982,Layyah ,30.5,43.7
1983,Layyah ,29,47.4
1984,Layyah ,32.6,45.1
1985,Layyah ,32.9,45.8
1986,Layyah ,33.4,46
1987,Layyah ,33.8,48.3
1988,Layyah ,34.6,48.5
1989,Layyah ,35.9,47.7
1990,Layyah ,37.8,48.1
1991,Layyah ,33.5,49.5
1992,Layyah ,35.2,49.3
1993,Layyah ,36.1,50.4
1994,Layyah ,36.9,50.9
1995,Layyah ,37,53
1996,Layyah ,37.3,52.2
1997,Layyah ,38,53.8
1998,Layyah ,38.7,53.5
1999,Layyah ,39,50.1
2000,Layyah ,41.9,50.4
2001,Layyah ,43.8,51
2002,Layyah ,45.2,54
2003,Layyah ,46.1,54.8
2004,Layyah ,48.7,54.2
2005,Layyah ,51.9,55
2006,Layyah ,52.4,55.1
2007,Layyah ,54,55.4
2008,Layyah ,54.8,57.1
2009,Layyah ,56.7,54.3
2010,Layyah ,55.2,54
2011,Layyah ,55,52
2012,Layyah ,56.2,51
2013,Layyah ,57.2,52
2014,Layyah ,57.9,55
2015,Layyah ,58,57.1
2016,Layyah ,58.3,58.2
2017,Layyah ,58.1,62.4
1980,Muzaffargarh,50.5,45
1981,Muzaffargarh,51,45.2
1982,Muzaffargarh,51.7,46.4
1983,Muzaffargarh,52,45
1984,Muzaffargarh,52.1,4.1
1985,Muzaffargarh,52.6,46.9
1986,Muzaffargarh,51,46.7
1987,Muzaffargarh,53,48
1988,Muzaffargarh,53.6,48.5
1989,Muzaffargarh,53.8,48.9
1990,Muzaffargarh,54,49.4
1991,Muzaffargarh,54.5,51.2
1992,Muzaffargarh,56,51.4
1993,Muzaffargarh,57,51
1994,Muzaffargarh,59,52.3
1995,Muzaffargarh,58.8,54.5
1996,Muzaffargarh,59.9,54.9
1997,Muzaffargarh,61.3,53.1
1998,Muzaffargarh,62.52,55
1999,Muzaffargarh,62,55.2
2000,Muzaffargarh,63.1,55.8
2001,Muzaffargarh,64.5,56.4
2002,Muzaffargarh,64,57.8
2003,Muzaffargarh,65,58.1
2004,Muzaffargarh,67,58.6
2005,Muzaffargarh,66.2,59.4
2006,Muzaffargarh,68,60.4
2007,Muzaffargarh,68.4,62.4
2008,Muzaffargarh,69,60.7
2009,Muzaffargarh,71.2,61.9
2010,Muzaffargarh,73.6,62.8
2011,Muzaffargarh,73.2,63.7
2012,Muzaffargarh,76.9,64
2013,Muzaffargarh,78,64.9
2014,Muzaffargarh,79.4,69
2015,Muzaffargarh,79.3,70.4
2016,Muzaffargarh,80.4,70.1
2017,Muzaffargarh,81.49,71
1980,Multan,32.9,44.1
1981,Multan,33.7,44.6
1982,Multan,34.8,44.5
1983,Multan,34,44.1
1984,Multan,33.5,45
1985,Multan,33.9,46
1986,Multan,35,46.2
1987,Multan,35.3,46.8
1988,Multan,35.8,47
1989,Multan,36.4,47.1
1990,Multan,37.2,47.5
1991,Multan,38.1,47.9
1992,Multan,39.5,47.1
1993,Multan,40.6,47.5
1994,Multan,40.9,48
1995,Multan,41.2,48.2
1996,Multan,42.8,48.9
1997,Multan,43,48.5
1998,Multan,43.3,48.2
1999,Multan,45.8,49
2000,Multan,46.2,49.3
2001,Multan,46.8,49.5
2002,Multan,47.2,49.7
2003,Multan,49.8,49.2
2004,Multan,51.4,49.5
2005,Multan,51.7,49.8
2006,Multan,52.6,52.3
2007,Multan,53.8,52.6
2008,Multan,55.6,53.4
2009,Multan,56.7,52.6
2010,Multan,57.9,52.7
2011,Multan,55.6,52.9
2012,Multan,57.2,53.5
2013,Multan,58.1,53.4
2014,Multan,58.6,54
2015,Multan,59.8,55.3
2016,Multan,60,57.1
2017,Multan,60.2,58.3
1980,Vehari,39,30.2
1981,Vehari,41.2,33.1
1982,Vehari,24.5,33.5
1983,Vehari,43.6,33.9
1984,Vehari,45,33.2
1985,Vehari,45.6,33.4
1986,Vehari,45.9,34.1
1987,Vehari,46.2,35.1
1988,Vehari,46,34.9
1989,Vehari,46.8,34.8
1990,Vehari,47.3,35.2
1991,Vehari,47.1,35.6
1992,Vehari,47.9,35.7
1993,Vehari,48.2,36
1994,Vehari,48,36.4
1995,Vehari,48.5,36.9
1996,Vehari,48.5,36.5
1997,Vehari,48,36.2
1998,Vehari,49.3,37
1999,Vehari,51.3,37.1
2000,Vehari,52.4,37.9
2001,Vehari,53.6,39
2002,Vehari,54.8,39.1
2003,Vehari,56.5,42.3
2004,Vehari,55,43.1
2005,Vehari,56.9,44.5
2006,Vehari,57.4,45
2007,Vehari,57.9,46.8
2008,Vehari,59.6,46.2
2009,Vehari,62.1,46.1
2010,Vehari,63,47
2011,Vehari,63.4,46.9
2012,Vehari,63.1,47.5
2013,Vehari,64,48.2
2014,Vehari,64.9,49.3
2015,Vehari,65,50.1
2016,Vehari,66.4,52.3
2017,Vehari,66.9,53.6
1980,Awaran,50.5,45.1
1981,Awaran,51,46.2
1982,Awaran,51.7,48.1
1983,Awaran,52,48.9
1984,Awaran,52.1,48.2
1985,Awaran,52.6,48.5
1986,Awaran,51,48.6
1987,Awaran,53,48.1
1988,Awaran,53.6,48.9
1989,Awaran,53.8,49.3
1990,Awaran,54,49.4
1991,Awaran,54.5,49.7
1992,Awaran,56,50.2
1993,Awaran,57,52.3
1994,Awaran,59,53
1995,Awaran,58.8,52.4
1996,Awaran,59.9,53.1
1997,Awaran,61.3,53.6
1998,Awaran,62.52,52.4
1999,Awaran,62,53.9
2000,Awaran,63.1,54.6
2001,Awaran,64.5,55
2002,Awaran,64,56.1
2003,Awaran,65,56.7
2004,Awaran,67,56.9
2005,Awaran,66.2,55
2006,Awaran,68,55.5
2007,Awaran,68.4,56.9
2008,Awaran,69,57.1
2009,Awaran,71.2,58.3
2010,Awaran,73.6,59.3
2011,Awaran,73.2,60.1
2012,Awaran,76.9,60.3
2013,Awaran,78,61.5
2014,Awaran,79.4,61.9
2015,Awaran,79.3,61.7
2016,Awaran,80.4,61.5
2017,Awaran,81.49,61
1980,Kalat,21.3,25
1981,Kalat,21.6,26.3
1982,Kalat,22.8,27.1
1983,Kalat,23.6,26.2
1984,Kalat,24.1,27.8
1985,Kalat,25.9,27.2
1986,Kalat,23.5,28.9
1987,Kalat,22,29
1988,Kalat,24.6,29.9
1989,Kalat,26.7,29.8
1990,Kalat,27.6,29.2
1991,Kalat,28.4,29.5
1992,Kalat,28.2,30
1993,Kalat,28.9,30.4
1994,Kalat,29.7,31.2
1995,Kalat,29.8,33
1996,Kalat,30,33.6
1997,Kalat,30.5,34.5
1998,Kalat,30.6,35
1999,Kalat,31.2,35.7
2000,Kalat,31.6,35.2
2001,Kalat,33.5,36
2002,Kalat,35.7,36.8
2003,Kalat,36,37
2004,Kalat,34,37.1
2005,Kalat,36.9,38.2
2006,Kalat,38.5,39.3
2007,Kalat,39.4,40.2
2008,Kalat,41.9,42.5
2009,Kalat,42.7,43.6
2010,Kalat,43.8,43.8
2011,Kalat,44.2,43.1
2012,Kalat,45.8,44
2013,Kalat,46.4,44.9
2014,Kalat,46.9,46.1
2015,Kalat,45.7,46.9
2016,Kalat,46,46.7
2017,Kalat,46.6,47
1980,Kharan,39,35.2
1981,Kharan,41.2,35.6
1982,Kharan,24.5,35.7
1983,Kharan,43.6,36
1984,Kharan,45,36.9
1985,Kharan,45.6,36.4
1986,Kharan,45.9,36.8
1987,Kharan,46.2,37
1988,Kharan,46,37.2
1989,Kharan,46.8,38
1990,Kharan,47.3,39.2
1991,Kharan,47.1,40.2
1992,Kharan,47.9,42.3
1993,Kharan,48.2,43.5
1994,Kharan,48,44.6
1995,Kharan,48.5,45
1996,Kharan,48.5,46.7
1997,Kharan,48,47
1998,Kharan,49.3,47.5
1999,Kharan,51.3,48.2
2000,Kharan,52.4,49.1
2001,Kharan,53.6,46.3
2002,Kharan,54.8,48.2
2003,Kharan,56.5,49.5
2004,Kharan,55,51.2
2005,Kharan,56.9,53.2
2006,Kharan,57.4,52.9
2007,Kharan,57.9,52.5
2008,Kharan,59.6,52.1
2009,Kharan,62.1,53
2010,Kharan,63,51.5
2011,Kharan,63.4,51.4
2012,Kharan,63.1,51.9
2013,Kharan,64,52
2014,Kharan,64.9,52.4
2015,Kharan,65,52.8
2016,Kharan,66.4,52.7
2017,Kharan,66.9,53
1980,Khuzdar,30.4,40
1981,Khuzdar,32.5,41.4
1982,Khuzdar,32.6,43.7
1983,Khuzdar,33,47.4
1984,Khuzdar,34.1,45.1
1985,Khuzdar,35.6,45.8
1986,Khuzdar,35.8,46
1987,Khuzdar,36.1,48.3
1988,Khuzdar,37.5,48.5
1989,Khuzdar,37.6,47.7
1990,Khuzdar,36.5,48.1
1991,Khuzdar,38.1,49.5
1992,Khuzdar,38.9,49.3
1993,Khuzdar,38.6,50.4
1994,Khuzdar,39.1,50.9
1995,Khuzdar,39.4,53
1996,Khuzdar,41.2,52.2
1997,Khuzdar,41.5,53.8
1998,Khuzdar,42.5,53.5
1999,Khuzdar,43,50.1
2000,Khuzdar,43.2,50.4
2001,Khuzdar,45.6,51
2002,Khuzdar,46,54
2003,Khuzdar,46.8,54.8
2004,Khuzdar,48.1,54.2
2005,Khuzdar,49.2,55
2006,Khuzdar,48.4,55.1
2007,Khuzdar,49.7,55.4
2008,Khuzdar,52.4,57.1
2009,Khuzdar,52.1,54.3
2010,Khuzdar,53.1,54
2011,Khuzdar,53.8,52
2012,Khuzdar,54.7,51
2013,Khuzdar,56.7,52
2014,Khuzdar,57.1,55
2015,Khuzdar,57.9,57.1
2016,Khuzdar,58,58.2
2017,Khuzdar,58.2,62.4
1980,Lasbela,33.1,27.8
1981,Lasbela,39,28.2
1982,Lasbela,41.2,29.4
1983,Lasbela,24.5,30
1984,Lasbela,43.6,30.2
1985,Lasbela,45,30.9
1986,Lasbela,45.6,30.5
1987,Lasbela,45.9,30.9
1988,Lasbela,46.2,32
1989,Lasbela,46,32.5
1990,Lasbela,46.8,31.9
1991,Lasbela,47.3,32.8
1992,Lasbela,47.1,33
1993,Lasbela,47.9,33.6
1994,Lasbela,48.2,33.7
1995,Lasbela,48,34.8
1996,Lasbela,48.5,35
1997,Lasbela,48.5,35.6
1998,Lasbela,48,36.1
1999,Lasbela,49.3,35.9
2000,Lasbela,51.3,36.4
2001,Lasbela,52.4,36.9
2002,Lasbela,53.6,37
2003,Lasbela,54.8,40
2004,Lasbela,56.5,42.3
2005,Lasbela,55,44.5
2006,Lasbela,56.9,48.1
2007,Lasbela,57.4,49.2
2008,Lasbela,57.9,50.9
2009,Lasbela,59.6,53
2010,Lasbela,62.1,53.2
2011,Lasbela,63,54.6
2012,Lasbela,63.4,55
2013,Lasbela,63.1,56.1
2014,Lasbela,64,56.9
2015,Lasbela,64.9,56.2
2016,Lasbela,65,57.1
2017,Lasbela,66.4,56.1
1980,Mastung,50.9,38.2
1981,Mastung,51,38.9
1982,Mastung,51.7,39
1983,Mastung,52,39.2
1984,Mastung,52.1,39.5
1985,Mastung,52.6,39.6
1986,Mastung,51,39.2
1987,Mastung,53,39.3
1988,Mastung,53.6,39.5
1989,Mastung,53.8,39.6
1990,Mastung,54,40
1991,Mastung,54.5,41.2
1992,Mastung,56,42
1993,Mastung,57,42.5
1994,Mastung,59,43
1995,Mastung,58.8,43.5
1996,Mastung,59.9,43.6
1997,Mastung,61.3,43.9
1998,Mastung,62.52,44
1999,Mastung,62,45
2000,Mastung,63.1,45.6
2001,Mastung,64.5,45.6
2002,Mastung,64,45.9
2003,Mastung,65,45.8
2004,Mastung,67,45.1
2005,Mastung,66.2,45.2
2006,Mastung,68,45.8
2007,Mastung,68.4,46
2008,Mastung,69,48
2009,Mastung,71.2,48.2
2010,Mastung,73.6,48.9
2011,Mastung,73.2,49
2012,Mastung,76.9,49.9
2013,Mastung,78,52.3
2014,Mastung,79.4,53.4
2015,Mastung,79.3,54.6
2016,Mastung,80.4,56
2017,Mastung,81.49,58.1
1980,Gawadar,15.6,25
1981,Gawadar,16.8,25.6
1982,Gawadar,17.2,26
1983,Gawadar,19.6,26.3
1984,Gawadar,21.5,24.3
1985,Gawadar,23.9,25.6
1986,Gawadar,22,25.8
1987,Gawadar,24.8,8.2
1988,Gawadar,25.5,26.2
1989,Gawadar,27.6,27.2
1990,Gawadar,29.7,28.3
1991,Gawadar,26.7,30.2
1992,Gawadar,30.2,31.2
1993,Gawadar,34.5,31.5
1994,Gawadar,35.8,32.6
1995,Gawadar,36.9,33.4
1996,Gawadar,37.1,33
1997,Gawadar,38.9,33.5
1998,Gawadar,40.25,34
1999,Gawadar,38.5,34.5
2000,Gawadar,42.6,36.4
2001,Gawadar,43.8,35.2
2002,Gawadar,45.8,36.3
2003,Gawadar,46.2,37.2
2004,Gawadar,47.1,38.1
2005,Gawadar,47.5,40.2
2006,Gawadar,45,41.3
2007,Gawadar,45.8,42.3
2008,Gawadar,47.2,43.2
2009,Gawadar,48.6,44
2010,Gawadar,49.7,43.2
2011,Gawadar,50.1,44
2012,Gawadar,50.9,44.5
2013,Gawadar,51.7,48.2
2014,Gawadar,49.8,50.2
2015,Gawadar,48.7,52.3
2016,Gawadar,50,54
2017,Gawadar,51.9,56.2
1980,Kech,39,41
1981,Kech,41.2,41.2
1982,Kech,24.5,42.5
1983,Kech,43.6,43.6
1984,Kech,45,43.6
1985,Kech,45.6,43.1
1986,Kech,45.9,43.5
1987,Kech,46.2,43.9
1988,Kech,46,44
1989,Kech,46.8,45.1
1990,Kech,47.3,45.6
1991,Kech,47.1,45.1
1992,Kech,47.9,46.8
1993,Kech,48.2,47
1994,Kech,48,47.2
1995,Kech,48.5,47.9
1996,Kech,48.5,48
1997,Kech,48,48.2
1998,Kech,49.3,50.2
1999,Kech,51.3,52.3
2000,Kech,52.4,53.2
2001,Kech,53.6,54
2002,Kech,54.8,55.6
2003,Kech,56.5,56.4
2004,Kech,55,55.8
2005,Kech,56.9,55.9
2006,Kech,57.4,55.1
2007,Kech,57.9,55.3
2008,Kech,59.6,55.6
2009,Kech,62.1,54.1
2010,Kech,63,54.7
2011,Kech,63.4,54.8
2012,Kech,63.1,54.9
2013,Kech,64,55.2
2014,Kech,64.9,55.6
2015,Kech,65,55.7
2016,Kech,66.4,56
2017,Kech,66.9,56.5
1980,PanjGur,20.2,17
1981,PanjGur,21.5,17.5
1982,PanjGur,22.3,17.1
1983,PanjGur,23.8,17.8
1984,PanjGur,24.1,18.2
1985,PanjGur,24.8,19.2
1986,PanjGur,25,20.4
1987,PanjGur,25.6,21.3
1988,PanjGur,26,22.5
1989,PanjGur,25,23.4
1990,PanjGur,27.8,25.3
1991,PanjGur,28.9,24.1
1992,PanjGur,29.2,25.6
1993,PanjGur,29.7,25.1
1994,PanjGur,30,25.4
1995,PanjGur,30.2,26.3
1996,PanjGur,30.9,27.1
1997,PanjGur,31,28.2
1998,PanjGur,31.4,29.3
1999,PanjGur,32.8,30.4
2000,PanjGur,33.4,31.5
2001,PanjGur,33.9,32.6
2002,PanjGur,34.2,33.4
2003,PanjGur,36.8,32.5
2004,PanjGur,38.7,32.6
2005,PanjGur,40.5,32.7
2006,PanjGur,42.6,34
2007,PanjGur,43.7,34.5
2008,PanjGur,41.2,35
2009,PanjGur,45.3,35.6
2010,PanjGur,47.1,36.1
2011,PanjGur,49.8,37.1
2012,PanjGur,52.8,38.9
2013,PanjGur,53,40.2
2014,PanjGur,54.3,41.5
2015,PanjGur,55.8,42.3
2016,PanjGur,57.4,43.6
2017,PanjGur,59.2,45.1
1980,Jaffarabad,9.6,44.2
1981,Jaffarabad,10.5,40
1982,Jaffarabad,11.7,41.4
1983,Jaffarabad,12.9,43.7
1984,Jaffarabad,13.8,47.4
1985,Jaffarabad,14.2,45.1
1986,Jaffarabad,14.6,45.8
1987,Jaffarabad,14.9,46
1988,Jaffarabad,15.7,48.3
1989,Jaffarabad,16.1,48.5
1990,Jaffarabad,16.7,47.7
1991,Jaffarabad,15.8,48.1
1992,Jaffarabad,15.1,49.5
1993,Jaffarabad,16.8,49.3
1994,Jaffarabad,17.2,50.4
1995,Jaffarabad,17.9,50.9
1996,Jaffarabad,18,53
1997,Jaffarabad,18.3,52.2
1998,Jaffarabad,18.5,53.8
1999,Jaffarabad,19.2,53.5
2000,Jaffarabad,20.1,50.1
2001,Jaffarabad,21.6,50.4
2002,Jaffarabad,21.9,51
2003,Jaffarabad,22.8,54
2004,Jaffarabad,23.4,54.8
2005,Jaffarabad,24.8,54.2
2006,Jaffarabad,25.2,55
2007,Jaffarabad,26.7,55.1
2008,Jaffarabad,27.5,55.4
2009,Jaffarabad,27.9,57.1
2010,Jaffarabad,28.5,54.3
2011,Jaffarabad,29.7,54
2012,Jaffarabad,27.1,52
2013,Jaffarabad,28,51
2014,Jaffarabad,29.1,52
2015,Jaffarabad,30.5,55
2016,Jaffarabad,30,57.1
2017,Jaffarabad,30.6,58.2
1980,Kachhi,12.5,44.2
1981,Kachhi,13.2,40
1982,Kachhi,13.9,41.4
1983,Kachhi,14.2,43.7
1984,Kachhi,13,47.4
1985,Kachhi,14.3,45.1
1986,Kachhi,14.9,45.8
1987,Kachhi,15.8,46
1988,Kachhi,16.7,48.3
1989,Kachhi,17,48.5
1990,Kachhi,18.2,47.7
1991,Kachhi,19.3,48.1
1992,Kachhi,20.2,49.5
1993,Kachhi,20.7,49.3
1994,Kachhi,21.5,50.4
1995,Kachhi,21.9,50.9
1996,Kachhi,22,53
1997,Kachhi,22.6,52.2
1998,Kachhi,23.6,53.8
1999,Kachhi,24.7,53.5
2000,Kachhi,25.2,50.1
2001,Kachhi,25.8,50.4
2002,Kachhi,26,51
2003,Kachhi,27.2,54
2004,Kachhi,27.9,54.8
2005,Kachhi,28.1,54.2
2006,Kachhi,28.6,55
2007,Kachhi,28.9,55.1
2008,Kachhi,29.5,55.4
2009,Kachhi,30.1,57.1
2010,Kachhi,30.8,54.3
2011,Kachhi,31.2,54.1
2012,Kachhi,30.4,52.3
2013,Kachhi,31.8,51.4
2014,Kachhi,32,52.3
2015,Kachhi,32.5,55.1
2016,Kachhi,32,57.1
2017,Kachhi,32.9,58.2
1980,SohbatPur,30.4,41.2
1981,SohbatPur,32.5,42.3
1982,SohbatPur,32.6,43.2
1983,SohbatPur,33,43.5
1984,SohbatPur,34.1,43.6
1985,SohbatPur,35.6,43.1
1986,SohbatPur,35.8,43.5
1987,SohbatPur,36.1,43.9
1988,SohbatPur,37.5,44
1989,SohbatPur,37.6,44.5
1990,SohbatPur,36.5,44.8
1991,SohbatPur,38.1,44.7
1992,SohbatPur,38.9,44.1
1993,SohbatPur,38.6,45
1994,SohbatPur,39.1,45.2
1995,SohbatPur,39.4,45.6
1996,SohbatPur,41.2,46
1997,SohbatPur,41.5,46.2
1998,SohbatPur,42.5,46.8
1999,SohbatPur,43,46.9
2000,SohbatPur,43.2,46.7
2001,SohbatPur,45.6,47
2002,SohbatPur,46,47.9
2003,SohbatPur,46.8,48.1
2004,SohbatPur,48.1,49.2
2005,SohbatPur,49.2,49.5
2006,SohbatPur,48.4,49.7
2007,SohbatPur,49.7,50.1
2008,SohbatPur,52.4,50.2
2009,SohbatPur,52.1,50.4
2010,SohbatPur,53.1,49.2
2011,SohbatPur,53.8,49.3
2012,SohbatPur,54.7,51.2
2013,SohbatPur,56.7,53.4
2014,SohbatPur,57.1,54.6
2015,SohbatPur,57.9,55
2016,SohbatPur,58,56.1
2017,SohbatPur,58.2,57.1
1980,Chagai,32.9,30.2
1981,Chagai,33.7,30.1
1982,Chagai,34.8,31
1983,Chagai,34,31.5
1984,Chagai,33.5,32.6
1985,Chagai,33.9,32.5
1986,Chagai,35,32.3
1987,Chagai,35.3,33
1988,Chagai,35.8,33.4
1989,Chagai,36.4,35
1990,Chagai,37.2,35.6
1991,Chagai,38.1,36.1
1992,Chagai,39.5,36.8
1993,Chagai,40.6,36.1
1994,Chagai,40.9,36.5
1995,Chagai,41.2,36.9
1996,Chagai,42.8,37
1997,Chagai,43,37.1
1998,Chagai,43.3,39.2
1999,Chagai,45.8,40.2
2000,Chagai,46.2,42.5
2001,Chagai,46.8,43
2002,Chagai,47.2,43.1
2003,Chagai,49.8,44.5
2004,Chagai,51.4,47.1
2005,Chagai,51.7,48.9
2006,Chagai,52.6,49.2
2007,Chagai,53.8,49.8
2008,Chagai,55.6,49.1
2009,Chagai,56.7,52.4
2010,Chagai,57.9,52
2011,Chagai,55.6,453
2012,Chagai,57.2,54.6
2013,Chagai,58.1,54.8
2014,Chagai,58.6,53.2
2015,Chagai,59.8,53.1
2016,Chagai,60,55
2017,Chagai,60.2,56.9
1980,Killa Abdullah,7.2,10.2
1981,Killa Abdullah,7.9,11
1982,Killa Abdullah,8.2,12.3
1983,Killa Abdullah,9.4,13.5
1984,Killa Abdullah,10.2,14.5
1985,Killa Abdullah,8.5,15.1
1986,Killa Abdullah,9.6,14.6
1987,Killa Abdullah,11.2,14.9
1988,Killa Abdullah,11.9,15.9
1989,Killa Abdullah,12.4,16
1990,Killa Abdullah,12.6,16.2
1991,Killa Abdullah,13.2,16.3
1992,Killa Abdullah,14.9,14.7
1993,Killa Abdullah,13.4,15.2
1994,Killa Abdullah,13.7,18.2
1995,Killa Abdullah,14.3,20.1
1996,Killa Abdullah,15.7,22.5
1997,Killa Abdullah,15.9,24.8
1998,Killa Abdullah,16.1,25.1
1999,Killa Abdullah,18.6,27.9
2000,Killa Abdullah,19.7,28.3
2001,Killa Abdullah,21.8,29
2002,Killa Abdullah,25.9,29.1
2003,Killa Abdullah,28.7,32.1
2004,Killa Abdullah,33.2,33
2005,Killa Abdullah,35.8,33.5
2006,Killa Abdullah,37.3,34
2007,Killa Abdullah,39.5,34.5
2008,Killa Abdullah,40.8,34.6
2009,Killa Abdullah,41,34.8
2010,Killa Abdullah,41.2,34.1
2011,Killa Abdullah,41.8,35
2012,Killa Abdullah,40.9,35.6
2013,Killa Abdullah,41.2,36.2
2014,Killa Abdullah,41.9,36.4
2015,Killa Abdullah,42,38.2
2016,Killa Abdullah,42.5,42.1
2017,Killa Abdullah,42.8,44.8
1980,Nushki,30.2,38.1
1981,Nushki,31.6,39.2
1982,Nushki,32.4,40.2
1983,Nushki,33.6,43.5
1984,Nushki,33.5,43.5
1985,Nushki,34,42.5
1986,Nushki,34.8,42.8
1987,Nushki,35.9,42.9
1988,Nushki,36.8,43
1989,Nushki,36.7,43.6
1990,Nushki,37.1,43.9
1991,Nushki,37.5,44
1992,Nushki,37.8,45.1
1993,Nushki,37.5,46.8
1994,Nushki,38.1,47
1995,Nushki,38,47.2
1996,Nushki,38.4,48.6
1997,Nushki,38.3,48.6
1998,Nushki,39.5,49.3
1999,Nushki,40.2,51.2
2000,Nushki,41.6,52.4
2001,Nushki,42.5,53.6
2002,Nushki,43,53.9
2003,Nushki,43.9,53.2
2004,Nushki,45,53.1
2005,Nushki,45.6,52.8
2006,Nushki,48.6,51.4
2007,Nushki,51.4,51.6
2008,Nushki,53.1,50.7
2009,Nushki,54,52.3
2010,Nushki,54.5,53.4
2011,Nushki,54.8,52.6
2012,Nushki,56.2,52.7
2013,Nushki,58.4,51.2
2014,Nushki,58.9,51.4
2015,Nushki,59,51.8
2016,Nushki,59.7,52.4
2017,Nushki,61.8,52.9
1980,pishin,20.2,22.1
1981,pishin,21.5,23.4
1982,pishin,22.3,24.5
1983,pishin,23.8,26.5
1984,pishin,24.1,26.5
1985,pishin,24.8,26.7
1986,pishin,25,27
1987,pishin,25.6,27.8
1988,pishin,26,29
1989,pishin,25,29.2
1990,pishin,27.8,29.9
1991,pishin,28.9,29.5
1992,pishin,29.2,29.4
1993,pishin,29.7,29.1
1994,pishin,30,28
1995,pishin,30.2,30.2
1996,pishin,30.9,30.4
1997,pishin,31,30.5
1998,pishin,31.4,31.2
1999,pishin,32.8,32.5
2000,pishin,33.4,32.6
2001,pishin,33.9,33
2002,pishin,34.2,33.4
2003,pishin,36.8,33.1
2004,pishin,38.7,33.5
2005,pishin,40.5,33.6
2006,pishin,42.6,33.9
2007,pishin,43.7,35.6
2008,pishin,41.2,36.4
2009,pishin,45.3,38.1
2010,pishin,47.1,38.9
2011,pishin,49.8,41.2
2012,pishin,52.8,42.6
2013,pishin,53,42.3
2014,pishin,54.3,43.5
2015,pishin,55.8,44.8
2016,pishin,57.4,45.6
2017,pishin,59.2,48.1
1980,Quetta,42,45.2
1981,Quetta,43.9,46.2
1982,Quetta,45.8,46.8
1983,Quetta,46.1,47.1
1984,Quetta,46.3,47.8
1985,Quetta,47.2,47.9
1986,Quetta,48.2,47.5
1987,Quetta,49.8,47.1
1988,Quetta,50,48
1989,Quetta,48.6,48.5
1990,Quetta,51.7,48.9
1991,Quetta,52.9,48.7
1992,Quetta,54.7,48.1
1993,Quetta,55.1,48.9
1994,Quetta,56.9,49.2
1995,Quetta,55.6,49.9
1996,Quetta,56,49.5
1997,Quetta,56.5,49.7
1998,Quetta,57.1,49.6
1999,Quetta,55.8,50.1
2000,Quetta,54.3,52.3
2001,Quetta,54.6,52.4
2002,Quetta,53.7,53
2003,Quetta,52,53.4
2004,Quetta,52.9,53.6
2005,Quetta,53.2,52.4
2006,Quetta,54.9,53.4
2007,Quetta,55.8,51.6
2008,Quetta,56.7,52.8
2009,Quetta,57.2,52.9
2010,Quetta,53.8,53
2011,Quetta,51.8,53.6
2012,Quetta,54.9,53.4
2013,Quetta,55.2,53.7
2014,Quetta,56.3,53.2
2015,Quetta,57.2,54.6
2016,Quetta,58,54.9
2017,Quetta,58.7,55
1980,Dera Bugti,7.2,15.2
1981,Dera Bugti,7.9,17.1
1982,Dera Bugti,8.2,18.2
1983,Dera Bugti,9.4,18.5
1984,Dera Bugti,10.2,18.7
1985,Dera Bugti,8.5,17.5
1986,Dera Bugti,9.6,17.9
1987,Dera Bugti,11.2,18
1988,Dera Bugti,11.9,18.2
1989,Dera Bugti,12.4,18.9
1990,Dera Bugti,12.6,19
1991,Dera Bugti,13.2,19.5
1992,Dera Bugti,14.9,20.2
1993,Dera Bugti,13.4,20.4
1994,Dera Bugti,13.7,20.5
1995,Dera Bugti,14.3,22.3
1996,Dera Bugti,15.7,23.4
1997,Dera Bugti,15.9,24.8
1998,Dera Bugti,16.1,25.6
1999,Dera Bugti,18.6,27.4
2000,Dera Bugti,19.7,28.9
2001,Dera Bugti,21.8,29.3
2002,Dera Bugti,25.9,30
2003,Dera Bugti,28.7,31.2
2004,Dera Bugti,33.2,33.6
2005,Dera Bugti,35.8,34
2006,Dera Bugti,37.3,34.5
2007,Dera Bugti,39.5,34.6
2008,Dera Bugti,40.8,34.8
2009,Dera Bugti,41,35
2010,Dera Bugti,41.2,35.4
2011,Dera Bugti,41.8,35.6
2012,Dera Bugti,40.9,35.4
2013,Dera Bugti,41.2,35.8
2014,Dera Bugti,41.9,35.1
2015,Dera Bugti,42,36
2016,Dera Bugti,42.5,38.1
2017,Dera Bugti,42.8,39.4
1980,sibi,25.3,29.9
1981,sibi,26.1,30.2
1982,sibi,27,30.5
1983,sibi,27.9,30.4
1984,sibi,28.3,30.2
1985,sibi,29.4,31.2
1986,sibi,29.9,32.5
1987,sibi,31.5,33.4
1988,sibi,33.1,34
1989,sibi,33.5,34.6
1990,sibi,33.4,35
1991,sibi,33.9,35.9
1992,sibi,34.1,35.1
1993,sibi,34.5,35.2
1994,sibi,34.1,36.4
1995,sibi,34.9,36.4
1996,sibi,35,38.2
1997,sibi,35.4,40.2
1998,sibi,36,41.5
1999,sibi,36.5,42.6
2000,sibi,37.1,42.7
2001,sibi,38.2,43.6
2002,sibi,40.5,44.5
2003,sibi,43.5,44.6
2004,sibi,45.6,47.1
2005,sibi,47,47.1
2006,sibi,47.9,47.6
2007,sibi,49.5,47.9
2008,sibi,49.8,47.1
2009,sibi,51.5,47.4
2010,sibi,52.6,48
2011,sibi,53.1,48.2
2012,sibi,54.8,48.4
2013,sibi,55.6,48.6
2014,sibi,56.4,48.9
2015,sibi,57.8,48.1
2016,sibi,58,48.1
2017,sibi,59,48.7
1980,ziarat,15.6,19
1981,ziarat,16.8,19.2
1982,ziarat,17.2,20.3
1983,ziarat,19.6,21.5
1984,ziarat,21.5,22.5
1985,ziarat,23.9,22.4
1986,ziarat,22,22.9
1987,ziarat,24.8,22.5
1988,ziarat,25.5,23
1989,ziarat,27.6,23.6
1990,ziarat,29.7,23.4
1991,ziarat,26.7,24.8
1992,ziarat,30.2,24.6
1993,ziarat,34.5,25
1994,ziarat,35.8,25.7
1995,ziarat,36.9,27.3
1996,ziarat,37.1,28
1997,ziarat,38.9,28.9
1998,ziarat,40.25,30.4
1999,ziarat,38.5,32.5
2000,ziarat,42.6,32.5
2001,ziarat,43.8,32.9
2002,ziarat,45.8,32.4
2003,ziarat,46.2,33
2004,ziarat,47.1,33.6
2005,ziarat,47.5,34.7
2006,ziarat,45,35.6
2007,ziarat,45.8,35.9
2008,ziarat,47.2,35.1
2009,ziarat,48.6,34.7
2010,ziarat,49.7,35.9
2011,ziarat,50.1,36.4
2012,ziarat,50.9,38.9
2013,ziarat,51.7,40.7
2014,ziarat,49.8,42.8
2015,ziarat,48.7,43
2016,ziarat,50,43.9
2017,ziarat,51.9,45
1980,Barkhan,55.9,47.2
1981,Barkhan,57.2,47.9
1982,Barkhan,58.6,47.1
1983,Barkhan,58,47.8
1984,Barkhan,57.3,48.5
1985,Barkhan,58.3,48.1
1986,Barkhan,59,48.6
1987,Barkhan,59.8,48.9
1988,Barkhan,60.2,49
1989,Barkhan,61.4,49.7
1990,Barkhan,62.6,49.2
1991,Barkhan,62.1,50.4
1992,Barkhan,62.8,51.7
1993,Barkhan,63,52.6
1994,Barkhan,63.5,52.4
1995,Barkhan,62,52.7
1996,Barkhan,64.3,53
1997,Barkhan,64,53.6
1998,Barkhan,64.7,53.7
1999,Barkhan,65,52.4
2000,Barkhan,65.2,52.9
2001,Barkhan,66.8,53
2002,Barkhan,68,53.4
2003,Barkhan,68.2,53.7
2004,Barkhan,69.7,53.9
2005,Barkhan,71.3,54
2006,Barkhan,70.6,55
2007,Barkhan,70.2,56.6
2008,Barkhan,72.6,56.4
2009,Barkhan,73.9,58
2010,Barkhan,74,58.1
2011,Barkhan,74.6,59.3
2012,Barkhan,75,58.4
2013,Barkhan,75.7,58.1
2014,Barkhan,76,57.6
2015,Barkhan,76.6,56.8
2016,Barkhan,75.1,56.1
2017,Barkhan,77,57.9
1980,Killa saifullah ,10.1,15.4
1981,Killa saifullah ,10.5,17.9
1982,Killa saifullah ,11,19.2
1983,Killa saifullah ,12.4,17.8
1984,Killa saifullah ,12.3,18.5
1985,Killa saifullah ,12.5,18.4
1986,Killa saifullah ,13,18.6
1987,Killa saifullah ,16.3,19
1988,Killa saifullah ,19.1,19.4
1989,Killa saifullah ,22.1,19.5
1990,Killa saifullah ,17.3,20.2
1991,Killa saifullah ,17.9,23.4
1992,Killa saifullah ,18.9,23.5
1993,Killa saifullah ,18,22.5
1994,Killa saifullah ,19.5,22.1
1995,Killa saifullah ,19.56,22.6
1996,Killa saifullah ,20.8,21.5
1997,Killa saifullah ,21.5,23.7
1998,Killa saifullah ,22.1,23.6
1999,Killa saifullah ,24.9,24.9
2000,Killa saifullah ,28,25.6
2001,Killa saifullah ,31.4,26
2002,Killa saifullah ,32.2,27.9
2003,Killa saifullah ,32.8,30.4
2004,Killa saifullah ,34.5,33.5
2005,Killa saifullah ,38.1,34.6
2006,Killa saifullah ,40.4,35.1
2007,Killa saifullah ,42.7,36.7
2008,Killa saifullah ,42.9,36.9
2009,Killa saifullah ,44.5,37
2010,Killa saifullah ,47.1,38.9
2011,Killa saifullah ,46.5,38.1
2012,Killa saifullah ,48.2,40.9
2013,Killa saifullah ,50.2,42.5
2014,Killa saifullah ,53.5,41.5
2015,Killa saifullah ,54.1,42.8
2016,Killa saifullah ,56,43
2017,Killa saifullah ,57,43.8
1980,Loralai,14.1,23
1981,Loralai,15.2,23.7
1982,Loralai,16.4,24
1983,Loralai,15.9,25.6
1984,Loralai,18.2,26.7
1985,Loralai,18.9,25.8
1986,Loralai,20.1,26.4
1987,Loralai,22.3,26.9
1988,Loralai,24.1,27
1989,Loralai,23,27.8
1990,Loralai,26.1,27.5
1991,Loralai,27.3,26.1
1992,Loralai,28.4,26.8
1993,Loralai,28.4,28
1994,Loralai,27.9,28.9
1995,Loralai,29.1,29
1996,Loralai,30.4,29.3
1997,Loralai,31.6,29.4
1998,Loralai,32.1,30.4
1999,Loralai,33.1,32
2000,Loralai,34.4,32.8
2001,Loralai,35.2,32.4
2002,Loralai,33.4,32.9
2003,Loralai,35.6,33
2004,Loralai,37.2,33
2005,Loralai,38.1,33.6
2006,Loralai,37.9,33.4
2007,Loralai,42.1,34
2008,Loralai,42.9,34.1
2009,Loralai,43.1,36.8
2010,Loralai,44,34.7
2011,Loralai,44.6,35.9
2012,Loralai,46.1,35.8
2013,Loralai,45.3,36
2014,Loralai,45.8,36.4
2015,Loralai,46.1,37.1
2016,Loralai,46.8,37.5
2017,Loralai,47.53,37.1
1980,zhob,55.9,45.6
1981,zhob,57.2,44.8
1982,zhob,58.6,44.7
1983,zhob,58,45
1984,zhob,57.3,45.9
1985,zhob,58.3,47.1
1986,zhob,59,48.2
1987,zhob,59.8,48.9
1988,zhob,60.2,48.4
1989,zhob,61.4,48.7
1990,zhob,62.6,48.1
1991,zhob,62.1,48.5
1992,zhob,62.8,48.7
1993,zhob,63,49
1994,zhob,63.5,49.6
1995,zhob,62,49.3
1996,zhob,64.3,51.4
1997,zhob,64,52.3
1998,zhob,64.7,52.4
1999,zhob,65,52.1
2000,zhob,65.2,53.4
2001,zhob,66.8,53.6
2002,zhob,68,53.4
2003,zhob,68.2,53.6
2004,zhob,69.7,53.7
2005,zhob,71.3,53.1
2006,zhob,70.6,54
2007,zhob,70.2,54.9
2008,zhob,72.6,55
2009,zhob,73.9,55.9
2010,zhob,74,55.4
2011,zhob,74.6,55.6
2012,zhob,75,56.3
2013,zhob,75.7,56.1
2014,zhob,76,52.2
2015,zhob,76.6,53.7
2016,zhob,75.1,54.8
2017,zhob,77,55.7
1980,Jacobabad,25.3,33.6
1981,Jacobabad,26.1,33.7
1982,Jacobabad,27,34.5
1983,Jacobabad,27.9,35.6
1984,Jacobabad,28.3,36.8
1985,Jacobabad,29.4,35.7
1986,Jacobabad,29.9,36.5
1987,Jacobabad,31.5,36.8
1988,Jacobabad,33.1,37
1989,Jacobabad,33.5,37.8
1990,Jacobabad,33.4,37.1
1991,Jacobabad,33.9,37.5
1992,Jacobabad,34.1,38.2
1993,Jacobabad,34.5,40.2
1994,Jacobabad,34.1,42.7
1995,Jacobabad,34.9,42.9
1996,Jacobabad,35,44
1997,Jacobabad,35.4,44.5
1998,Jacobabad,36,45
1999,Jacobabad,36.5,45.8
2000,Jacobabad,37.1,46.9
2001,Jacobabad,38.2,48.1
2002,Jacobabad,40.5,49.2
2003,Jacobabad,43.5,49.9
2004,Jacobabad,45.6,49.5
2005,Jacobabad,47,51.4
2006,Jacobabad,47.9,52.3
2007,Jacobabad,49.5,53.4
2008,Jacobabad,49.8,52.9
2009,Jacobabad,51.5,52.1
2010,Jacobabad,52.6,52.5
2011,Jacobabad,53.1,52.8
2012,Jacobabad,54.8,53.4
2013,Jacobabad,55.6,54.7
2014,Jacobabad,56.4,58.9
2015,Jacobabad,57.8,60.4
2016,Jacobabad,58,62.4
2017,Jacobabad,59,62.1
1980,kashmor,17.8,30.2
1981,kashmor,18.3,30.4
1982,kashmor,19.4,30.2
1983,kashmor,19.5,31
1984,kashmor,20.3,31.2
1985,kashmor,22.6,32.5
1986,kashmor,23.5,33.6
1987,kashmor,24.9,33.4
1988,kashmor,26,33.6
1989,kashmor,26.5,35
1990,kashmor,27.1,35.8
1991,kashmor,28.9,35.1
1992,kashmor,27.3,35.4
1993,kashmor,28.4,36
1994,kashmor,29.5,36.9
1995,kashmor,29.1,37
1996,kashmor,30.2,38
1997,kashmor,32.4,38.7
1998,kashmor,31.1,39.1
1999,kashmor,32.9,39.7
2000,kashmor,33.4,40.8
2001,kashmor,35.2,41.8
2002,kashmor,37.1,44.5
2003,kashmor,37.9,45.6
2004,kashmor,39,45.7
2005,kashmor,39.4,46
2006,kashmor,41.6,46.9
2007,kashmor,43.2,47
2008,kashmor,43.9,47.2
2009,kashmor,43.1,47.1
2010,kashmor,45,49
2011,kashmor,46.2,49.2
2012,kashmor,47.9,50.2
2013,kashmor,48.2,52.4
2014,kashmor,49.5,51.9
2015,kashmor,48.9,51.8
2016,kashmor,49.1,51.9
2017,kashmor,50.7,52
1980,Kambar shahdad kot,39,30.2
1981,Kambar shahdad kot,41.2,30.4
1982,Kambar shahdad kot,24.5,30.2
1983,Kambar shahdad kot,43.6,31
1984,Kambar shahdad kot,45,31.2
1985,Kambar shahdad kot,45.6,32.5
1986,Kambar shahdad kot,45.9,33.6
1987,Kambar shahdad kot,46.2,33.4
1988,Kambar shahdad kot,46,33.6
1989,Kambar shahdad kot,46.8,35
1990,Kambar shahdad kot,47.3,35.8
1991,Kambar shahdad kot,47.1,35.1
1992,Kambar shahdad kot,47.9,35.4
1993,Kambar shahdad kot,48.2,36
1994,Kambar shahdad kot,48,36.9
1995,Kambar shahdad kot,48.5,37
1996,Kambar shahdad kot,48.5,38
1997,Kambar shahdad kot,48,38.7
1998,Kambar shahdad kot,49.3,39.1
1999,Kambar shahdad kot,51.3,39.7
2000,Kambar shahdad kot,52.4,40.8
2001,Kambar shahdad kot,53.6,41.8
2002,Kambar shahdad kot,54.8,44.5
2003,Kambar shahdad kot,56.5,45.6
2004,Kambar shahdad kot,55,45.7
2005,Kambar shahdad kot,56.9,46
2006,Kambar shahdad kot,57.4,46.9
2007,Kambar shahdad kot,57.9,47
2008,Kambar shahdad kot,59.6,47.2
2009,Kambar shahdad kot,62.1,47.1
2010,Kambar shahdad kot,63,49
2011,Kambar shahdad kot,63.4,49.2
2012,Kambar shahdad kot,63.1,50.2
2013,Kambar shahdad kot,64,52.4
2014,Kambar shahdad kot,64.9,51.9
2015,Kambar shahdad kot,65,51.8
2016,Kambar shahdad kot,66.4,51.9
2017,Kambar shahdad kot,66.9,52
1980,Larkana,30.4,40.1
1981,Larkana,32.5,41
1982,Larkana,32.6,41.5
1983,Larkana,33,41.6
1984,Larkana,34.1,41.9
1985,Larkana,35.6,43
1986,Larkana,35.8,43.2
1987,Larkana,36.1,43.5
1988,Larkana,37.5,44
1989,Larkana,37.6,44.5
1990,Larkana,36.5,45
1991,Larkana,38.1,45.6
1992,Larkana,38.9,45.9
1993,Larkana,38.6,45.8
1994,Larkana,39.1,45.7
1995,Larkana,39.4,45.1
1996,Larkana,41.2,46
1997,Larkana,41.5,46.9
1998,Larkana,42.5,46.7
1999,Larkana,43,46.1
2000,Larkana,43.2,46.8
2001,Larkana,45.6,46.9
2002,Larkana,46,46.1
2003,Larkana,46.8,46.7
2004,Larkana,48.1,47
2005,Larkana,49.2,48.2
2006,Larkana,48.4,48.6
2007,Larkana,49.7,48.9
2008,Larkana,52.4,49
2009,Larkana,52.1,49.2
2010,Larkana,53.1,50.1
2011,Larkana,53.8,52.4
2012,Larkana,54.7,52.7
2013,Larkana,56.7,52.9
2014,Larkana,57.1,53
2015,Larkana,57.9,53.7
2016,Larkana,58,54.6
2017,Larkana,58.2,54.8
1980,Shikarpur,25.6,30.2
1981,Shikarpur,25.9,32.1
1982,Shikarpur,26.1,32.5
1983,Shikarpur,26.5,33
1984,Shikarpur,27.9,33.4
1985,Shikarpur,28.2,33.6
1986,Shikarpur,28.9,34
1987,Shikarpur,29,34.5
1988,Shikarpur,27,35.1
1989,Shikarpur,28.7,35.9
1990,Shikarpur,29.6,35
1991,Shikarpur,29.9,35.4
1992,Shikarpur,30,35.6
1993,Shikarpur,30.5,36
1994,Shikarpur,30.9,36.2
1995,Shikarpur,31.3,36.8
1996,Shikarpur,31,36.7
1997,Shikarpur,31.3,36
1998,Shikarpur,31.9,36.5
1999,Shikarpur,33.3,36.7
2000,Shikarpur,34.8,37
2001,Shikarpur,35,38
2002,Shikarpur,36.2,39
2003,Shikarpur,37.8,39.2
2004,Shikarpur,38.2,41.5
2005,Shikarpur,39.6,42.8
2006,Shikarpur,40,43.6
2007,Shikarpur,37,45.7
2008,Shikarpur,39.6,47.1
2009,Shikarpur,41.1,48.2
2010,Shikarpur,41.6,48.9
2011,Shikarpur,42.8,49
2012,Shikarpur,43,49.2
2013,Shikarpur,43.3,49.9
2014,Shikarpur,43.9,49.8
2015,Shikarpur,44,49.2
2016,Shikarpur,45,49.4
2017,Shikarpur,45.1,50.1
1980,Ghotki,26,33
1981,Ghotki,26.1,33.2
1982,Ghotki,27,33.4
1983,Ghotki,27.9,36
1984,Ghotki,28.3,36.5
1985,Ghotki,29.4,36.8
1986,Ghotki,29.9,36.2
1987,Ghotki,31.5,36.4
1988,Ghotki,33.1,36.9
1989,Ghotki,33.5,37
1990,Ghotki,33.4,37.8
1991,Ghotki,33.9,37.9
1992,Ghotki,34.1,37.8
1993,Ghotki,34.5,38.1
1994,Ghotki,34.1,38.2
1995,Ghotki,34.9,38.9
1996,Ghotki,35,38.2
1997,Ghotki,35.4,38.3
1998,Ghotki,36,39
1999,Ghotki,36.5,39.4
2000,Ghotki,37.1,39.5
2001,Ghotki,38.2,41.2
2002,Ghotki,40.5,42.5
2003,Ghotki,43.5,43
2004,Ghotki,45.6,42.6
2005,Ghotki,47,42.5
2006,Ghotki,47.9,43
2007,Ghotki,49.5,45.2
2008,Ghotki,49.8,47.1
2009,Ghotki,51.5,49.6
2010,Ghotki,52.6,50.2
2011,Ghotki,53.1,50.4
2012,Ghotki,54.8,52.4
2013,Ghotki,55.6,53.4
2014,Ghotki,56.4,52.1
2015,Ghotki,57.8,53.7
2016,Ghotki,58,53.9
2017,Ghotki,59,54
1980,Khairpur,25.3,40.2
1981,Khairpur,26.7,42.8
1982,Khairpur,26.9,42.9
1983,Khairpur,27.3,42.7
1984,Khairpur,27.5,42.1
1985,Khairpur,28.6,43
1986,Khairpur,28.8,43.7
1987,Khairpur,29.6,43.8
1988,Khairpur,27.5,44
1989,Khairpur,28.6,44.5
1990,Khairpur,30.2,44.5
1991,Khairpur,31.3,45.7
1992,Khairpur,31.5,45.9
1993,Khairpur,32.6,45.1
1994,Khairpur,33.7,45.2
1995,Khairpur,34,45.8
1996,Khairpur,34.5,46.1
1997,Khairpur,34.9,46.9
1998,Khairpur,35.5,46.2
1999,Khairpur,36.2,46.8
2000,Khairpur,36.9,47
2001,Khairpur,36,47.1
2002,Khairpur,37.9,47.6
2003,Khairpur,39.8,47.1
2004,Khairpur,40,47.6
2005,Khairpur,41.6,49.2
2006,Khairpur,42.8,49.9
2007,Khairpur,44.9,51.4
2008,Khairpur,45.2,52.3
2009,Khairpur,46.1,53.4
2010,Khairpur,46.8,53.8
2011,Khairpur,47.6,53.9
2012,Khairpur,48.3,52.4
2013,Khairpur,46,52.8
2014,Khairpur,47.3,52.7
2015,Khairpur,48.9,52.9
2016,Khairpur,49,53.4
2017,Khairpur,49.1,54.2
1980,Sukkur,35.1,45.2
1981,Sukkur,35.9,45.6
1982,Sukkur,36.8,45.7
1983,Sukkur,37,45.1
1984,Sukkur,36.1,46
1985,Sukkur,38.2,46.9
1986,Sukkur,38.7,46.1
1987,Sukkur,39.6,47
1988,Sukkur,40.5,47.1
1989,Sukkur,41.2,47.9
1990,Sukkur,41.8,48
1991,Sukkur,42.6,48.5
1992,Sukkur,44,48.2
1993,Sukkur,44.2,48.7
1994,Sukkur,44.9,48.9
1995,Sukkur,45,49
1996,Sukkur,45.6,50.2
1997,Sukkur,46.2,50.3
1998,Sukkur,46.6,51
1999,Sukkur,47.1,51.6
2000,Sukkur,47.3,51.9
2001,Sukkur,48.6,51.7
2002,Sukkur,48.9,51.4
2003,Sukkur,45,51.9
2004,Sukkur,46.7,52
2005,Sukkur,48.3,52.6
2006,Sukkur,49.5,52.4
2007,Sukkur,51.7,52.7
2008,Sukkur,52.3,52.9
2009,Sukkur,53,52.4
2010,Sukkur,53.3,52.1
2011,Sukkur,53.6,52
2012,Sukkur,53.9,52.9
2013,Sukkur,54.1,53
2014,Sukkur,54.6,54
2015,Sukkur,53.6,55.6
2016,Sukkur,54,58.1
2017,Sukkur,54.7,59.3
1980,Badin,12.5,20.2
1981,Badin,13.2,21.4
1982,Badin,13.9,23.4
1983,Badin,14.2,23.5
1984,Badin,13,22.5
1985,Badin,14.3,23.4
1986,Badin,14.9,23.9
1987,Badin,15.8,24.1
1988,Badin,16.7,24.9
1989,Badin,17,24.5
1990,Badin,18.2,24.2
1991,Badin,19.3,25
1992,Badin,20.2,25.3
1993,Badin,20.7,25.8
1994,Badin,21.5,24.8
1995,Badin,21.9,25.4
1996,Badin,22,25.9
1997,Badin,22.6,26.4
1998,Badin,23.6,28.1
1999,Badin,24.7,28.4
2000,Badin,25.2,28.9
2001,Badin,25.8,29.1
2002,Badin,26,29.7
2003,Badin,27.2,31.2
2004,Badin,27.9,31.5
2005,Badin,28.1,32.8
2006,Badin,28.6,33.5
2007,Badin,28.9,33.4
2008,Badin,29.5,33.9
2009,Badin,30.1,34.9
2010,Badin,30.8,36.7
2011,Badin,31.2,37.1
2012,Badin,30.4,36.5
2013,Badin,31.8,36.9
2014,Badin,32,37.4
2015,Badin,32.5,38.1
2016,Badin,32,38.9
2017,Badin,32.9,40.2
1980,Dadu,10.1,15.4
1981,Dadu,10.5,17.9
1982,Dadu,11,19.2
1983,Dadu,12.4,17.8
1984,Dadu,12.3,18.5
1985,Dadu,12.5,18.4
1986,Dadu,13,18.6
1987,Dadu,16.3,19
1988,Dadu,19.1,19.4
1989,Dadu,22.1,19.5
1990,Dadu,17.3,20.2
1991,Dadu,17.9,23.4
1992,Dadu,18.9,23.5
1993,Dadu,18,22.5
1994,Dadu,19.5,22.1
1995,Dadu,19.56,22.6
1996,Dadu,20.8,21.5
1997,Dadu,21.5,23.7
1998,Dadu,22.1,23.6
1999,Dadu,24.9,24.9
2000,Dadu,28,25.6
2001,Dadu,31.4,26
2002,Dadu,32.2,27.9
2003,Dadu,32.8,30.4
2004,Dadu,34.5,33.5
2005,Dadu,38.1,34.6
2006,Dadu,40.4,35.1
2007,Dadu,42.7,36.7
2008,Dadu,42.9,36.9
2009,Dadu,44.5,37
2010,Dadu,47.1,38.9
2011,Dadu,46.5,38.1
2012,Dadu,48.2,40.9
2013,Dadu,50.2,42.5
2014,Dadu,53.5,41.5
2015,Dadu,54.1,42.8
2016,Dadu,56,43
2017,Dadu,57,43.8
1980,Hyderabad,30.4,45.2
1981,Hyderabad,32.5,45.6
1982,Hyderabad,32.6,45.7
1983,Hyderabad,33,45.1
1984,Hyderabad,34.1,46
1985,Hyderabad,35.6,46.9
1986,Hyderabad,35.8,46.1
1987,Hyderabad,36.1,47
1988,Hyderabad,37.5,47.1
1989,Hyderabad,37.6,47.9
1990,Hyderabad,36.5,48
1991,Hyderabad,38.1,48.5
1992,Hyderabad,38.9,48.2
1993,Hyderabad,38.6,48.7
1994,Hyderabad,39.1,48.9
1995,Hyderabad,39.4,49
1996,Hyderabad,41.2,50.2
1997,Hyderabad,41.5,50.3
1998,Hyderabad,42.5,51
1999,Hyderabad,43,51.6
2000,Hyderabad,43.2,51.9
2001,Hyderabad,45.6,51.7
2002,Hyderabad,46,51.4
2003,Hyderabad,46.8,51.9
2004,Hyderabad,48.1,52
2005,Hyderabad,49.2,52.6
2006,Hyderabad,48.4,52.4
2007,Hyderabad,49.7,52.7
2008,Hyderabad,52.4,52.9
2009,Hyderabad,52.1,52.4
2010,Hyderabad,53.1,52.1
2011,Hyderabad,53.8,52
2012,Hyderabad,54.7,52.9
2013,Hyderabad,56.7,53
2014,Hyderabad,57.1,54
2015,Hyderabad,57.9,55.6
2016,Hyderabad,58,58.1
2017,Hyderabad,58.2,59.3
1980,Jamshoro,33.1,40.1
1981,Jamshoro,25.3,41.2
1982,Jamshoro,26.1,41.5
1983,Jamshoro,27,41.8
1984,Jamshoro,27.9,41.1
1985,Jamshoro,28.3,41.5
1986,Jamshoro,29.4,41.9
1987,Jamshoro,29.9,42.5
1988,Jamshoro,31.5,42.8
1989,Jamshoro,33.1,42.7
1990,Jamshoro,33.5,42.1
1991,Jamshoro,33.4,42.5
1992,Jamshoro,33.9,42.9
1993,Jamshoro,34.1,43.1
1994,Jamshoro,34.5,43.6
1995,Jamshoro,34.1,43.7
1996,Jamshoro,34.9,43.8
1997,Jamshoro,35,44.1
1998,Jamshoro,35.4,45.2
1999,Jamshoro,36,46.7
2000,Jamshoro,36.5,47.1
2001,Jamshoro,37.1,48.2
2002,Jamshoro,38.2,48.1
2003,Jamshoro,40.5,49.2
2004,Jamshoro,43.5,48.5
2005,Jamshoro,45.6,49.6
2006,Jamshoro,47,50.1
2007,Jamshoro,47.9,51.4
2008,Jamshoro,49.5,52.4
2009,Jamshoro,49.8,51.7
2010,Jamshoro,51.5,52.9
2011,Jamshoro,52.6,53.6
2012,Jamshoro,53.1,53.9
2013,Jamshoro,54.8,54.1
2014,Jamshoro,55.6,54.6
2015,Jamshoro,56.4,54.8
2016,Jamshoro,57.8,55.7
2017,Jamshoro,58,56.1
1980,Thatta,25,45.2
1981,Thatta,26.1,45.6
1982,Thatta,27,45.7
1983,Thatta,27.9,45.1
1984,Thatta,28.3,46
1985,Thatta,29.4,46.9
1986,Thatta,29.9,46.1
1987,Thatta,31.5,47
1988,Thatta,33.1,47.1
1989,Thatta,33.5,47.9
1990,Thatta,33.4,48
1991,Thatta,33.9,48.5
1992,Thatta,34.1,48.2
1993,Thatta,34.5,48.7
1994,Thatta,34.1,48.9
1995,Thatta,34.9,49
1996,Thatta,35,50.2
1997,Thatta,35.4,50.3
1998,Thatta,36,51
1999,Thatta,36.5,51.6
2000,Thatta,37.1,51.9
2001,Thatta,38.2,51.7
2002,Thatta,40.5,51.4
2003,Thatta,43.5,51.9
2004,Thatta,45.6,52
2005,Thatta,47,52.6
2006,Thatta,47.9,52.4
2007,Thatta,49.5,52.7
2008,Thatta,49.8,52.9
2009,Thatta,51.5,52.4
2010,Thatta,52.6,52.1
2011,Thatta,53.1,52
2012,Thatta,54.8,52.9
2013,Thatta,55.6,53
2014,Thatta,56.4,54
2015,Thatta,57.8,55.6
2016,Thatta,58,58.1
2017,Thatta,59,59.3
1980,Karachi,50,45
1981,Karachi,50.1,45.6
1982,Karachi,51.2,46.2
1983,Karachi,52.3,46.8
1984,Karachi,53.1,46.1
1985,Karachi,52.4,46.9
1986,Karachi,52.8,47.1
1987,Karachi,52.9,47.8
1988,Karachi,53.4,47.7
1989,Karachi,53.6,48.2
1990,Karachi,54.8,48.3
1991,Karachi,54.2,48.9
1992,Karachi,54.7,48.1
1993,Karachi,54.8,48.5
1994,Karachi,55,49.1
1995,Karachi,55.1,49.7
1996,Karachi,55.9,50.1
1997,Karachi,55.4,50.8
1998,Karachi,55.1,51.2
1999,Karachi,55.4,50.9
2000,Karachi,55.9,51.4
2001,Karachi,54.4,51.8
2002,Karachi,54.3,52.6
2003,Karachi,55.7,52.7
2004,Karachi,56.9,53.6
2005,Karachi,56.7,53.7
2006,Karachi,56.9,53.9
2007,Karachi,56,54.6
2008,Karachi,56.2,54
2009,Karachi,58.1,55
2010,Karachi,60,55.7
2011,Karachi,63.7,56.7
2012,Karachi,64.9,58.9
2013,Karachi,66,59.1
2014,Karachi,68.9,61.2
2015,Karachi,69,62.4
2016,Karachi,69.4,61.4
2017,Karachi,73,60.8
1980,Malir,30.4,33.1
1981,Malir,32.5,33.7
1982,Malir,32.6,34.6
1983,Malir,33,35.8
1984,Malir,34.1,34.3
1985,Malir,35.6,35.9
1986,Malir,35.8,36
1987,Malir,36.1,36.5
1988,Malir,37.5,36.1
1989,Malir,37.6,36.2
1990,Malir,36.5,36.7
1991,Malir,38.1,37.4
1992,Malir,38.9,37.9
1993,Malir,38.6,38.4
1994,Malir,39.1,39
1995,Malir,39.4,39.2
1996,Malir,41.2,39.7
1997,Malir,41.5,39.4
1998,Malir,42.5,42.5
1999,Malir,43,43.6
2000,Malir,43.2,44.7
2001,Malir,45.6,45.8
2002,Malir,46,46.7
2003,Malir,46.8,44.6
2004,Malir,48.1,43.7
2005,Malir,49.2,42.8
2006,Malir,48.4,45.1
2007,Malir,49.7,44.7
2008,Malir,52.4,44.9
2009,Malir,52.1,44.8
2010,Malir,53.1,45.9
2011,Malir,53.8,46.7
2012,Malir,54.7,48.1
2013,Malir,56.7,50.2
2014,Malir,57.1,53.4
2015,Malir,57.9,54.9
2016,Malir,58,55.6
2017,Malir,58.2,55
1980,Mairpur khas,22.8,30.2
1981,Mairpur khas,23.6,33.4
1982,Mairpur khas,22,33.5
1983,Mairpur khas,23.9,33.9
1984,Mairpur khas,24.5,32.5
1985,Mairpur khas,25.8,32.7
1986,Mairpur khas,26.1,33
1987,Mairpur khas,27,33.4
1988,Mairpur khas,28.9,34.6
1989,Mairpur khas,29.6,35.8
1990,Mairpur khas,31.5,35.9
1991,Mairpur khas,31.9,35.2
1992,Mairpur khas,32.4,35.7
1993,Mairpur khas,33.6,36.2
1994,Mairpur khas,34.7,37
1995,Mairpur khas,34.9,37.1
1996,Mairpur khas,35.5,37.8
1997,Mairpur khas,35.9,37.5
1998,Mairpur khas,36,37.2
1999,Mairpur khas,36.5,38.5
2000,Mairpur khas,37.4,38.9
2001,Mairpur khas,38.6,39.6
2002,Mairpur khas,38.9,41.2
2003,Mairpur khas,39.2,42.8
2004,Mairpur khas,40.2,43.5
2005,Mairpur khas,38.2,44.6
2006,Mairpur khas,39.6,45
2007,Mairpur khas,40,45.7
2008,Mairpur khas,40.5,46.8
2009,Mairpur khas,40.9,47.9
2010,Mairpur khas,41.2,49
2011,Mairpur khas,41.8,51.5
2012,Mairpur khas,41,52.7
2013,Mairpur khas,41.5,53.4
2014,Mairpur khas,41.9,54.2
2015,Mairpur khas,42,52.6
2016,Mairpur khas,42.2,52.8
2017,Mairpur khas,42.4,53.1
1980,Naushahro,30.6,36
1981,Naushahro,31.8,36.2
1982,Naushahro,32.5,36.8
1983,Naushahro,33,37.1
1984,Naushahro,33.6,38.9
1985,Naushahro,35.4,40.2
1986,Naushahro,38,41.8
1987,Naushahro,38.5,42.1
1988,Naushahro,39.1,43.7
1989,Naushahro,41.2,42.5
1990,Naushahro,41.8,43.7
1991,Naushahro,42,41.5
1992,Naushahro,40.6,42.8
1993,Naushahro,40.2,43.7
1994,Naushahro,41,44.9
1995,Naushahro,41.6,45.6
1996,Naushahro,42.5,46
1997,Naushahro,43,47.1
1998,Naushahro,43.6,49.5
1999,Naushahro,44.2,51.4
2000,Naushahro,45.8,51.2
2001,Naushahro,46.1,49.3
2002,Naushahro,46.5,49.3
2003,Naushahro,47.6,49.7
2004,Naushahro,49.1,49.9
2005,Naushahro,49.4,50.1
2006,Naushahro,49.8,50.8
2007,Naushahro,50.2,51.4
2008,Naushahro,50.4,52.4
2009,Naushahro,51.8,53.1
2010,Naushahro,50.9,53.6
2011,Naushahro,52.6,53.7
2012,Naushahro,52.9,54.6
2013,Naushahro,53.1,55
2014,Naushahro,53.2,56.1
2015,Naushahro,53.6,55.7
2016,Naushahro,53,55.9
2017,Naushahro,53.8,56.2
